-- MySQL dump 10.13  Distrib 8.1.0, for macos13.3 (arm64)
--
-- Host: localhost    Database: joy
-- ------------------------------------------------------
-- Server version	8.1.0

/*!40101 SET @OLD_CHARACTER_SET_CLIENT=@@CHARACTER_SET_CLIENT */;
/*!40101 SET @OLD_CHARACTER_SET_RESULTS=@@CHARACTER_SET_RESULTS */;
/*!40101 SET @OLD_COLLATION_CONNECTION=@@COLLATION_CONNECTION */;
/*!50503 SET NAMES utf8mb4 */;
/*!40103 SET @OLD_TIME_ZONE=@@TIME_ZONE */;
/*!40103 SET TIME_ZONE='+00:00' */;
/*!40014 SET @OLD_UNIQUE_CHECKS=@@UNIQUE_CHECKS, UNIQUE_CHECKS=0 */;
/*!40014 SET @OLD_FOREIGN_KEY_CHECKS=@@FOREIGN_KEY_CHECKS, FOREIGN_KEY_CHECKS=0 */;
/*!40101 SET @OLD_SQL_MODE=@@SQL_MODE, SQL_MODE='NO_AUTO_VALUE_ON_ZERO' */;
/*!40111 SET @OLD_SQL_NOTES=@@SQL_NOTES, SQL_NOTES=0 */;

--
-- Table structure for table `AuditingChannels`
--

DROP TABLE IF EXISTS `AuditingChannels`;
/*!40101 SET @saved_cs_client     = @@character_set_client */;
/*!50503 SET character_set_client = utf8mb4 */;
CREATE TABLE `AuditingChannels` (
  `id` int NOT NULL AUTO_INCREMENT,
  `channelId` varchar(255) NOT NULL,
  PRIMARY KEY (`id`)
) ENGINE=InnoDB DEFAULT CHARSET=utf8mb4 COLLATE=utf8mb4_0900_ai_ci;
/*!40101 SET character_set_client = @saved_cs_client */;

--
-- Dumping data for table `AuditingChannels`
--

LOCK TABLES `AuditingChannels` WRITE;
/*!40000 ALTER TABLE `AuditingChannels` DISABLE KEYS */;
/*!40000 ALTER TABLE `AuditingChannels` ENABLE KEYS */;
UNLOCK TABLES;

--
-- Table structure for table `Groups`
--

DROP TABLE IF EXISTS `Groups`;
/*!40101 SET @saved_cs_client     = @@character_set_client */;
/*!50503 SET character_set_client = utf8mb4 */;
CREATE TABLE `Groups` (
  `id` int NOT NULL AUTO_INCREMENT,
  `romanName` varchar(255) NOT NULL,
  `styledName` varchar(255) DEFAULT NULL,
  `koreanName` varchar(255) DEFAULT NULL,
  `debut` date DEFAULT NULL,
  `addedBy` bigint NOT NULL,
  PRIMARY KEY (`id`),
  UNIQUE KEY `Groups_romanName_unique` (`romanName`)
) ENGINE=InnoDB AUTO_INCREMENT=229 DEFAULT CHARSET=utf8mb4 COLLATE=utf8mb4_0900_ai_ci;
/*!40101 SET character_set_client = @saved_cs_client */;

--
-- Dumping data for table `Groups`
--

LOCK TABLES `Groups` WRITE;
/*!40000 ALTER TABLE `Groups` DISABLE KEYS */;
INSERT INTO `Groups` VALUES (1,'(G)I-DLE','','(여자)아이들','2018-05-02',492769957508284447),(2,'15&','','피프틴앤드','2012-10-05',492769957508284447),(3,'2EYES','','투아이즈','2013-07-20',492769957508284447),(4,'2NE1','','투애니원','2009-05-06',492769957508284447),(5,'3YE','','써드아이','2019-05-21',492769957508284447),(6,'4Minute','','포미닛','2009-06-15',492769957508284447),(7,'4TEN','','포텐','2014-08-26',492769957508284447),(8,'9Muses','Nine Muses','나인뮤지스','2010-08-12',492769957508284447),(9,'A.DE','','에이디이','2016-07-23',492769957508284447),(10,'ABRY','','에이브리','2017-11-15',492769957508284447),(11,'ADYA','','에이디야','2023-05-09',492769957508284447),(12,'aespa','æspa','에스파','2020-11-17',492769957508284447),(13,'After School','','애프터스쿨','2009-01-15',492769957508284447),(14,'AiRiSu','','아이리수','2018-07-25',492769957508284447),(15,'ALICE','ELRIS','앨리스','2017-07-01',492769957508284447),(16,'ANS','','에이엔에스','2019-09-16',492769957508284447),(17,'AOA','','에이오에이','2012-07-30',492769957508284447),(18,'API','','에이피아이','2019-04-19',492769957508284447),(19,'Apink','','에이핑크','2011-04-19',492769957508284447),(20,'Apple.B','','애플비','2017-08-01',492769957508284447),(21,'April','','에이프릴','2015-08-24',492769957508284447),(22,'AREAL','','에이리얼','2020-08-21',492769957508284447),(23,'Ariaz','','아리아즈','2019-10-23',492769957508284447),(24,'ARTBEAT','','아트비트','2022-11-16',492769957508284447),(25,'Baby V.O.X','','베이비복스','1997-07-05',492769957508284447),(26,'BABYMONSTER','','베이비몬스터','1987-04-01',492769957508284447),(27,'Badkiz','','배드키즈','2014-03-24',492769957508284447),(28,'Berry Good','','베리굿','2014-05-21',492769957508284447),(29,'BESTie','','베스티','2013-07-11',492769957508284447),(30,'Billlie','','빌리','2021-11-10',492769957508284447),(31,'BLACKPINK','','블랙핑크','2016-08-08',492769957508284447),(32,'BlackSwan','','블랙스완','2020-10-16',492769957508284447),(33,'Blady','','블레이디','2011-05-16',492769957508284447),(34,'Blastar','','블레스타','2020-07-31',492769957508284447),(35,'Bling Bling','','블링블링','2020-11-17',492769957508284447),(36,'Bloomy','','블루미','2016-02-01',492769957508284447),(37,'Bob Girls','','단발머리','2014-06-10',492769957508284447),(38,'Bolbbalgan4','BOL4','볼빨간사춘기','2016-04-22',492769957508284447),(39,'Bonus Baby','','보너스베이비','2017-01-01',492769957508284447),(40,'BOTOPASS','','보토패스','2020-08-26',492769957508284447),(41,'Brave Girls','','브레이브걸스','2011-04-08',492769957508284447),(42,'Brown Eyed Girls','B.E.G.','브라운 아이드 걸스','2006-03-02',492769957508284447),(43,'bugAboo','','버가부','2021-10-25',492769957508284447),(44,'Bulldok','','불독','2016-10-20',492769957508284447),(45,'Busters','','버스터즈','2017-11-27',492769957508284447),(46,'BVNDIT','','밴디트','2019-04-10',492769957508284447),(47,'C-REAL','','씨리얼','2011-10-11',492769957508284447),(48,'Camila','','카밀라','2018-08-29',492769957508284447),(49,'Cherry Bullet','','체리블렛','2019-01-21',492769957508284447),(50,'Cherry On Top','','체리온탑','2018-08-09',492769957508284447),(51,'ChoColat','','쇼콜라','2011-08-16',492769957508284447),(52,'cignature','','시그니처','2020-02-04',492769957508284447),(53,'CLASS:y','','클래씨','2022-05-05',492769957508284447),(54,'CLC','','씨엘씨','2015-03-19',492769957508284447),(55,'CoCoSoRi','','코코소리','2016-01-05',492769957508284447),(56,'CRAXY','','크랙시','2020-03-03',492769957508284447),(57,'Crayon Pop','','크레용팝','2012-07-18',492769957508284447),(58,'CSR','','첫사랑','2022-07-27',492769957508284447),(59,'D-Unit','','디유닛','2012-08-01',492769957508284447),(60,'D.Holic','','디홀릭','2014-10-29',492769957508284447),(61,'Dal Shabet','','달샤벳','2011-01-03',492769957508284447),(62,'Davichi','','다비치','2008-02-04',492769957508284447),(63,'Destiny','','데스티니','2018-09-28',492769957508284447),(64,'DIA','','다이아','2015-07-14',492769957508284447),(65,'Dorothy','','도로시','2016-08-16',492769957508284447),(66,'DreamCatcher','','드림캐쳐','2017-01-13',492769957508284447),(67,'Dreamnote','','드림노트','2018-11-07',492769957508284447),(68,'Episode','','에피소드','2020-02-04',492769957508284447),(69,'Everglow','','에버글로우','2019-03-18',492769957508284447),(70,'EvoL','','이블','2012-08-10',492769957508284447),(71,'EXID','','이엑스아이디','2012-02-16',492769957508284447),(72,'f(x)','','에프엑스','2009-09-05',492769957508284447),(73,'F-ve Dolls','5Dolls','파이브돌스','2011-01-20',492769957508284447),(74,'FANATICS','','파나틱스','2019-08-06',492769957508284447),(75,'Favorite','','페이버릿','2017-07-05',492769957508284447),(76,'Fiestar','','피에스타','2012-08-31',492769957508284447),(77,'FIFTY FIFTY','','피프티피프티','2022-11-18',492769957508284447),(78,'FLAVOR','','플레이버','2018-11-26',492769957508284447),(79,'fromis_9','','프로미스나인','2018-01-24',492769957508284447),(80,'G-reyish','Greyish','그레이시','2017-06-01',492769957508284447),(81,'Gavy NJ','','가비엔제이','2005-11-11',492769957508284447),(82,'Gawi Bawi Bo','GBB','지비비','2018-05-01',492769957508284447),(83,'GeeGu','','지구','2017-10-26',492769957508284447),(84,'Gfriend','','여자친구','2015-01-15',492769957508284447),(85,'GI','Global Icon','지아이','2013-04-03',492769957508284447),(86,'Girl\'s Day','GsD','걸스데이','2010-07-09',492769957508284447),(87,'Girlkind','','걸카인드','2018-01-16',492769957508284447),(88,'Girls Girls','','여자여자','2015-12-09',492769957508284447),(89,'Girls\' Generation','SNSD','소녀시대','2007-08-05',492769957508284447),(90,'Girls\' World','','소녀세상','2002-06-20',492769957508284447),(91,'GLAM','','글램','2012-07-16',492769957508284447),(92,'Good Day','','굿데이','2017-08-30',492769957508284447),(93,'GP Basic','','지피 베이직','2011-03-18',492769957508284447),(94,'GsA','Girls\' Alert','소녀주의보','2017-05-25',492769957508284447),(95,'Gugudan','','구구단','2016-06-28',492769957508284447),(96,'GWSN','','공원소녀','2018-09-05',492769957508284447),(97,'H.U.B','HUB','허브','2017-02-09',492769957508284447),(98,'H1-KEY','','하이키','2022-01-05',492769957508284447),(99,'Hash Tag','Hashtag','해시태그','2017-10-11',492769957508284447),(100,'Hello Venus','HV','헬로비너스','2012-05-09',492769957508284447),(101,'Heygirls','','헤이걸스','2017-11-20',492769957508284447),(102,'Hi Cutie','','하이큐티','2017-10-12',492769957508284447),(103,'Hi-L','','하이엘','2021-08-11',492769957508284447),(104,'HighSchool','','여고생','2019-04-30',492769957508284447),(105,'Highteen','','하이틴','2016-10-14',492769957508284447),(106,'Hinapia','','희나피아','2019-11-03',492769957508284447),(107,'Hint','','힌트','2017-03-31',492769957508284447),(108,'Honey Popcorn','','허니팝콘','2018-03-21',492769957508284447),(109,'I.C.E','','아이스','2015-11-16',492769957508284447),(110,'ICHILLIN\'','','아이칠린','2021-09-08',492769957508284447),(111,'ICU','','아이씨유','2019-10-22',492769957508284447),(112,'ILUV','I LUV','아이러브','2019-04-30',492769957508284447),(113,'ILY:1','','아일리원','2022-04-04',492769957508284447),(114,'IOI','I.O.I','아이오아이','2016-05-04',492769957508284447),(115,'IRRIS','','아이리스','2022-07-06',492769957508284447),(116,'ITZY','','있지','2019-02-12',492769957508284447),(117,'IVE','','아이브','2021-12-01',492769957508284447),(118,'IZ*ONE','IZONE','아이즈원','2018-10-29',492769957508284447),(119,'Jewelry','','쥬얼리','2001-03-30',492769957508284447),(120,'KARA','','카라','2007-03-29',492769957508284447),(121,'KEEMBO','','킴보','2020-04-10',492769957508284447),(122,'Kep1er','','케플러','2022-03-01',492769957508284447),(123,'KHAN','','칸','2018-05-23',492769957508284447),(124,'Kitten Girls','','키튼걸스','2018-09-04',492769957508284447),(125,'Laboum','','라붐','2014-08-27',492769957508284447),(126,'Ladies\' Code','LC','레이디스 코드','2013-03-07',492769957508284447),(127,'Lapillus','','라필루스','2022-06-22',492769957508284447),(128,'LE SSERAFIM','','르세라핌','2022-05-02',492769957508284447),(129,'LIGHTSUM','','라잇썸','2021-06-10',492769957508284447),(130,'LIMELIGHT','','라임라잇','2023-02-17',492769957508284447),(131,'LipBubble','','립버블','2017-03-22',492769957508284447),(132,'Loona','LOOΠΔ','이달의 소녀','2018-08-20',492769957508284447),(133,'Lovelyz','','러블리즈','2014-11-17',492769957508284447),(134,'LUNARSOLAR','','루나솔라','2020-09-02',492769957508284447),(135,'Lusty','','러스티','2019-06-26',492769957508284447),(136,'MAJORS','','메이져스','2021-03-09',492769957508284447),(137,'Maka Maka','','마카마카','2020-08-04',492769957508284447),(138,'Mamamoo','','마마무','2014-06-18',492769957508284447),(139,'Marmello','','마르멜로','2017-05-24',492769957508284447),(140,'Matilda','','마틸다','2016-03-18',492769957508284447),(141,'Melody Day','','멜로디데이','2014-02-25',492769957508284447),(142,'Melody Pink','','멜로디핑크','2019-09-25',492769957508284447),(143,'mimiirose','','미미로즈','2022-09-16',492769957508284447),(144,'Minx','','밍스','2014-09-18',492769957508284447),(145,'miss A','','미쓰에이','2010-07-01',492769957508284447),(146,'Mixx','','믹스','2016-05-02',492769957508284447),(147,'Momoland','','모모랜드','2016-11-09',492769957508284447),(148,'myB','','마이비','2015-08-25',492769957508284447),(149,'Nature','','네이처','2018-08-03',492769957508284447),(150,'NeonPunch','','네온펀치','2018-06-27',492769957508284447),(151,'NewJeans','NWJNS','뉴진스','2022-07-22',492769957508284447),(152,'NMIXX','','엔믹스','2022-02-22',492769957508284447),(153,'O21','','오투원','2016-06-21',492769957508284447),(154,'Oh My Girl','OHMG','오마이걸','2015-04-21',492769957508284447),(155,'OhBliss','','오블리스','2016-10-17',492769957508284447),(156,'P.O.P','','피오피','2017-07-26',492769957508284447),(157,'Pink Fantasy','','핑크판타지','2018-10-28',492769957508284447),(158,'PIXY','','픽시','2021-02-24',492769957508284447),(159,'Playback','','플레이백','2015-06-25',492769957508284447),(160,'Precious','PRCS','프레셔스','2020-09-23',492769957508284447),(161,'PRIMROSE','','프림로즈','2023-03-13',492769957508284447),(162,'PRISMA','','프리즈마','2020-10-31',492769957508284447),(163,'Pristin','','프리스틴','2017-03-21',492769957508284447),(164,'PRITTI-G','','프리티지','2021-08-31',492769957508284447),(165,'Pungdeng-E','','풍뎅이','2013-12-11',492769957508284447),(166,'Purple Kiss','','퍼플키스','2021-03-15',492769957508284447),(167,'PURPLEBECK','','퍼플백','2019-06-24',492769957508284447),(168,'Queenz Eye','','퀸즈아이','2022-10-24',492769957508284447),(169,'Rainbow','','레인보우','2009-11-12',492769957508284447),(170,'Rania','','라니아','2011-04-06',492769957508284447),(171,'Red Velvet','RV','레드벨벳','2014-08-01',492769957508284447),(172,'REDSQUARE','RSQ','레드스퀘어','2020-05-19',492769957508284447),(173,'Rocket Punch','','로켓펀치','2019-08-07',492769957508284447),(174,'Rockit Girl','','락킷걸','2019-05-30',492769957508284447),(175,'Rose Finger','','로즈핑거','2018-10-03',492769957508284447),(176,'Rubber Soul','','러버소울','2015-02-10',492769957508284447),(177,'Rumble-G','','럼블지','2021-07-14',492769957508284447),(178,'S.E.S','','에스.이.에스','1997-11-01',492769957508284447),(179,'S.I.S','','에스아이에스','2017-08-25',492769957508284447),(180,'Saturday','','세러데이','2018-07-18',492769957508284447),(181,'SECRET','','시크릿','2009-10-13',492769957508284447),(182,'SECRET NUMBER','','시크릿넘버','2020-05-19',492769957508284447),(183,'Sha Sha','','샤샤','2018-02-27',492769957508284447),(184,'SISTAR','','씨스타','2010-03-06',492769957508284447),(185,'SKYLE','','스카이리','2021-08-04',492769957508284447),(186,'Solia','','쏠리아','2021-08-17',492769957508284447),(187,'Sonamoo','','소나무','2014-12-29',492769957508284447),(188,'SPICA','','스피카','2012-02-07',492769957508284447),(189,'STAYC','','스테이씨','2020-11-12',492769957508284447),(190,'Stellar','','스텔라','2011-08-28',492769957508284447),(191,'Sunny Hill','','써니힐','2007-09-20',492769957508284447),(192,'T-ara','','티아라','2009-07-29',492769957508284447),(193,'Tahiti','','타히티','2012-06-23',492769957508284447),(194,'The Grace','CSJH','천상지희','2005-04-29',492769957508284447),(195,'Tiny-G','','타이니지','2012-08-23',492769957508284447),(196,'TRACER','','트레이서','2022-04-03',492769957508284447),(197,'TRI.BE','','트라이비','2021-02-17',492769957508284447),(198,'tripleS','','트리플에스','2023-02-13',492769957508284447),(199,'TWICE','','트와이스','2015-10-20',492769957508284447),(200,'Two X','','투엑스','2012-08-20',492769957508284447),(201,'Uni.T','','유니티','2018-05-18',492769957508284447),(202,'Unicorn','','유니콘','2015-09-03',492769957508284447),(203,'VIVIZ','','비비지','2022-02-09',492769957508284447),(204,'Wable','','와블','2016-02-17',492769957508284447),(205,'Wanna.B','','워너비','2014-11-17',492769957508284447),(206,'Wassup','','와썹','2013-08-07',492769957508284447),(207,'We Girls','','위걸스','2018-08-31',492769957508284447),(208,'We;Na','','위나','2022-09-05',492769957508284447),(209,'Weeekly','','위클리','2020-07-30',492769957508284447),(210,'Weki Meki','WeMe','위키미키','2017-08-08',492769957508284447),(211,'WJSN','Cosmic Girls','우주소녀','2016-02-25',492769957508284447),(212,'Wonder Girls','WG','원더걸스','2007-02-13',492769957508284447),(213,'woo!ah!','','우아','2020-05-15',492769957508284447),(214,'X:IN','','엑신','2023-04-11',492769957508284447),(215,'XUM','','썸','2020-09-22',492769957508284447),(216,'Yellow Bee','','옐로비','2017-11-23',492769957508284447),(217,'Hashtag',NULL,NULL,NULL,492769957508284447),(218,'KISS OF LIFE',NULL,NULL,NULL,492769957508284447),(219,'KELT9b',NULL,NULL,NULL,492769957508284447),(220,'MELODYDAY',NULL,NULL,NULL,492769957508284447),(221,'Ho1iday',NULL,NULL,NULL,492769957508284447),(222,'HOT ISSUE',NULL,NULL,NULL,492769957508284447),(223,'Gate9',NULL,NULL,NULL,492769957508284447),(224,'I.B.I',NULL,NULL,NULL,492769957508284447),(225,'SNSD',NULL,NULL,NULL,492769957508284447),(226,'S#aFLA',NULL,NULL,NULL,492769957508284447),(227,'KARD',NULL,NULL,NULL,492769957508284447),(228,'CHECKMATE',NULL,NULL,NULL,492769957508284447);
/*!40000 ALTER TABLE `Groups` ENABLE KEYS */;
UNLOCK TABLES;

--
-- Table structure for table `Guilds`
--

DROP TABLE IF EXISTS `Guilds`;
/*!40101 SET @saved_cs_client     = @@character_set_client */;
/*!50503 SET character_set_client = utf8mb4 */;
CREATE TABLE `Guilds` (
  `id` int NOT NULL AUTO_INCREMENT,
  `guildId` varchar(255) NOT NULL,
  `timerLimit` bigint NOT NULL,
  PRIMARY KEY (`id`),
  UNIQUE KEY `Guilds_guildId_unique` (`guildId`)
) ENGINE=InnoDB DEFAULT CHARSET=utf8mb4 COLLATE=utf8mb4_0900_ai_ci;
/*!40101 SET character_set_client = @saved_cs_client */;

--
-- Dumping data for table `Guilds`
--

LOCK TABLES `Guilds` WRITE;
/*!40000 ALTER TABLE `Guilds` DISABLE KEYS */;
/*!40000 ALTER TABLE `Guilds` ENABLE KEYS */;
UNLOCK TABLES;

--
-- Table structure for table `InstagramNotifications`
--

DROP TABLE IF EXISTS `InstagramNotifications`;
/*!40101 SET @saved_cs_client     = @@character_set_client */;
/*!50503 SET character_set_client = utf8mb4 */;
CREATE TABLE `InstagramNotifications` (
  `id` int NOT NULL AUTO_INCREMENT,
  `channelId` varchar(255) NOT NULL,
  `userId` varchar(255) NOT NULL,
  `lastSent` varchar(255) DEFAULT NULL,
  PRIMARY KEY (`id`),
  UNIQUE KEY `instagram_channel` (`channelId`,`userId`)
) ENGINE=InnoDB DEFAULT CHARSET=utf8mb4 COLLATE=utf8mb4_0900_ai_ci;
/*!40101 SET character_set_client = @saved_cs_client */;

--
-- Dumping data for table `InstagramNotifications`
--

LOCK TABLES `InstagramNotifications` WRITE;
/*!40000 ALTER TABLE `InstagramNotifications` DISABLE KEYS */;
/*!40000 ALTER TABLE `InstagramNotifications` ENABLE KEYS */;
UNLOCK TABLES;

--
-- Table structure for table `LinkMembers`
--

DROP TABLE IF EXISTS `LinkMembers`;
/*!40101 SET @saved_cs_client     = @@character_set_client */;
/*!50503 SET character_set_client = utf8mb4 */;
CREATE TABLE `LinkMembers` (
  `linkId` int NOT NULL,
  `memberId` int NOT NULL,
  PRIMARY KEY (`linkId`,`memberId`),
  KEY `fk_LinkMembers_memberId__id` (`memberId`),
  CONSTRAINT `fk_LinkMembers_linkId__id` FOREIGN KEY (`linkId`) REFERENCES `Links` (`id`) ON DELETE CASCADE ON UPDATE RESTRICT,
  CONSTRAINT `fk_LinkMembers_memberId__id` FOREIGN KEY (`memberId`) REFERENCES `Members` (`id`) ON DELETE CASCADE ON UPDATE RESTRICT
) ENGINE=InnoDB DEFAULT CHARSET=utf8mb4 COLLATE=utf8mb4_0900_ai_ci;
/*!40101 SET character_set_client = @saved_cs_client */;

--
-- Dumping data for table `LinkMembers`
--

LOCK TABLES `LinkMembers` WRITE;
/*!40000 ALTER TABLE `LinkMembers` DISABLE KEYS */;
/*!40000 ALTER TABLE `LinkMembers` ENABLE KEYS */;
UNLOCK TABLES;

--
-- Table structure for table `Links`
--

DROP TABLE IF EXISTS `Links`;
/*!40101 SET @saved_cs_client     = @@character_set_client */;
/*!50503 SET character_set_client = utf8mb4 */;
CREATE TABLE `Links` (
  `id` int NOT NULL AUTO_INCREMENT,
  `link` varchar(255) NOT NULL,
  `addedBy` bigint NOT NULL,
  PRIMARY KEY (`id`)
) ENGINE=InnoDB DEFAULT CHARSET=utf8mb4 COLLATE=utf8mb4_0900_ai_ci;
/*!40101 SET character_set_client = @saved_cs_client */;

--
-- Dumping data for table `Links`
--

LOCK TABLES `Links` WRITE;
/*!40000 ALTER TABLE `Links` DISABLE KEYS */;
/*!40000 ALTER TABLE `Links` ENABLE KEYS */;
UNLOCK TABLES;

--
-- Table structure for table `LinkTags`
--

DROP TABLE IF EXISTS `LinkTags`;
/*!40101 SET @saved_cs_client     = @@character_set_client */;
/*!50503 SET character_set_client = utf8mb4 */;
CREATE TABLE `LinkTags` (
  `linkId` int NOT NULL,
  `tagId` int NOT NULL,
  PRIMARY KEY (`linkId`,`tagId`),
  KEY `fk_LinkTags_tagId__id` (`tagId`),
  CONSTRAINT `fk_LinkTags_linkId__id` FOREIGN KEY (`linkId`) REFERENCES `Links` (`id`) ON DELETE CASCADE ON UPDATE RESTRICT,
  CONSTRAINT `fk_LinkTags_tagId__id` FOREIGN KEY (`tagId`) REFERENCES `Tags` (`id`) ON DELETE CASCADE ON UPDATE RESTRICT
) ENGINE=InnoDB DEFAULT CHARSET=utf8mb4 COLLATE=utf8mb4_0900_ai_ci;
/*!40101 SET character_set_client = @saved_cs_client */;

--
-- Dumping data for table `LinkTags`
--

LOCK TABLES `LinkTags` WRITE;
/*!40000 ALTER TABLE `LinkTags` DISABLE KEYS */;
/*!40000 ALTER TABLE `LinkTags` ENABLE KEYS */;
UNLOCK TABLES;

--
-- Table structure for table `Members`
--

DROP TABLE IF EXISTS `Members`;
/*!40101 SET @saved_cs_client     = @@character_set_client */;
/*!50503 SET character_set_client = utf8mb4 */;
CREATE TABLE `Members` (
  `id` int NOT NULL AUTO_INCREMENT,
  `groupId` int DEFAULT NULL,
  `romanStageName` varchar(255) NOT NULL,
  `romanFullName` varchar(255) DEFAULT NULL,
  `hangulStageName` varchar(255) DEFAULT NULL,
  `hangulFullName` varchar(255) DEFAULT NULL,
  `dob` date DEFAULT NULL,
  `country` varchar(255) DEFAULT NULL,
  `cityOfBirth` varchar(255) DEFAULT NULL,
  `gender` int DEFAULT NULL,
  `addedBy` bigint NOT NULL,
  PRIMARY KEY (`id`),
  UNIQUE KEY `group_name` (`groupId`,`romanStageName`),
  CONSTRAINT `fk_Members_groupId__id` FOREIGN KEY (`groupId`) REFERENCES `Groups` (`id`) ON DELETE CASCADE ON UPDATE RESTRICT
) ENGINE=InnoDB AUTO_INCREMENT=909 DEFAULT CHARSET=utf8mb4 COLLATE=utf8mb4_0900_ai_ci;
/*!40101 SET character_set_client = @saved_cs_client */;

--
-- Dumping data for table `Members`
--

LOCK TABLES `Members` WRITE;
/*!40000 ALTER TABLE `Members` DISABLE KEYS */;
INSERT INTO `Members` VALUES (1,90,'A-ra','Choi Eunji','아라','최은지','2003-07-25','South Korea','Seoul',1,492769957508284447),(2,217,'Aeji','Kwon Aeji','애지','권애지','1999-10-25','South Korea','Daegu',1,492769957508284447),(3,147,'AhIn','Lee Ahin','아인','이아인','1999-09-27','South Korea','Wonju',1,492769957508284447),(4,75,'Ahra','Go Ahra','아라','고아라','2001-02-21','South Korea','Yeosu',1,492769957508284447),(5,26,'Ahyeon','Jung Ahyeon','아현','정아현','2007-04-11','South Korea','',1,492769957508284447),(6,40,'Ahyoon','Choi Subin','아윤','최수빈','2004-10-23','South Korea','',1,492769957508284447),(7,168,'Ahyoon','Shin Ahyoon','아윤','신아윤','2003-09-24','South Korea','Seoul',1,492769957508284447),(8,61,'Ahyoung','Cho Jayoung','아영','조자영','1991-05-26','South Korea','Seoul',1,492769957508284447),(9,156,'Ahyung','Kang Ahyoung','아형','강아형','1996-08-27','South Korea','Pohang',1,492769957508284447),(10,NULL,'Ailee','Lee Yejin','에일리','이예진','1989-05-30','South Korea','Denver',1,492769957508284447),(11,NULL,'Aini','Kim Heejung','아이니','김희정','1991-07-13','South Korea','',1,492769957508284447),(12,69,'Aisha','Heo Yoorim','아샤','허유림','2000-07-21','South Korea','',1,492769957508284447),(13,136,'Aki','Jang Minju','아키','장민주','2001-02-12','South Korea','',1,492769957508284447),(14,NULL,'AleXa','Kim Seri','알렉사','김세리','1996-12-06','USA','',1,492769957508284447),(15,100,'Alice','Song Joohee','앨리스','송주희','1990-03-21','South Korea','Wonju',1,492769957508284447),(16,196,'Alice','Cheon Jaeyoung','앨리스','천재영','2002-02-20','South Korea','',1,492769957508284447),(17,72,'Amber','Amber Josephine Liu','엠버','엠버 조세핀 리우','1992-09-18','USA','Los Angeles',1,492769957508284447),(18,96,'Anne','Lee Seoyoung','앤','이서영','2000-10-17','South Korea','',1,492769957508284447),(19,113,'Ara','Lee Yunji','아라','이윤지','2002-01-23','South Korea','',1,492769957508284447),(20,77,'Aran','Jeong Eunah','아란','정은아','2004-10-11','South Korea','',1,492769957508284447),(21,NULL,'Arang','Son Mnjung','아랑','손민정','2000-03-08','South Korea','',1,492769957508284447),(22,157,'Arang','Park Yerim','아랑','박예림','2001-01-22','South Korea','',1,492769957508284447),(23,22,'Areum','Kim Daun','아름','김다운','1998-01-31','South Korea','',1,492769957508284447),(24,193,'Ari','Kim Sunyoung','아리','김선영','1994-10-23','South Korea','Daegu',1,492769957508284447),(25,214,'Aria','Baby Gauthami','아리아','베이비 고타미','2003-03-12','India','',1,492769957508284447),(26,146,'Arie','Jeon Minjae','아리','전민재','2000-04-07','South Korea','',1,492769957508284447),(27,154,'Arin','Choi Yewon','아린','최예원','1999-06-18','South Korea','Busan',1,492769957508284447),(28,26,'Asa','Enami Asa','아사','에나미 아사','2006-04-17','Japan','',1,492769957508284447),(29,126,'Ashley','Ashley Choi','애슐리','애슐리 최','1991-11-09','South Korea','Incheon',1,492769957508284447),(30,149,'Aurora','Yang Lan','오로라','양안','1997-01-14','China','',1,492769957508284447),(31,35,'Ayamy','Suzuki Ayami','아야미','스즈키 아야미','2000-07-15','Japan','',1,492769957508284447),(32,180,'Ayeon','Son Minji','아연','손민지','2002-09-29','South Korea','',1,492769957508284447),(33,133,'Babysoul','Lee Soojung','베이비소울','이수정','1992-07-06','South Korea','Gwangju',1,492769957508284447),(34,106,'Bada','Kim Bada','바다','김바다','2002-05-28','South Korea','',1,492769957508284447),(35,152,'Bae','Bae Jinsol','배이','배진솔','2004-12-28','South Korea','',1,492769957508284447),(36,215,'Baekah','Kim Sua','백아','김수아','1999-10-24','South Korea','',1,492769957508284447),(37,122,'Bahiyyih','Huening Bahiyyih','바히에','휴닝바히에','2004-07-27','USA','',1,492769957508284447),(38,NULL,'Bekah','Rebecca Kim','베카','김레베카','1989-08-11','South Korea','Honolulu',1,492769957508284447),(39,52,'Belle','Jin Hyeonjoo','벨','진현주','2001-11-03','South Korea','Goyang',1,492769957508284447),(40,218,'Belle','Shim Hyewon','벨','심혜원','2004-03-20','South Korea','Seattle',1,492769957508284447),(41,127,'Bessie','Kim Susanna','베시','김수산나','2004-07-15','South Korea','Changwon',1,492769957508284447),(42,136,'Bian','Yu Jiwon','비안','유지원','2001-02-13','South Korea','',1,492769957508284447),(43,NULL,'BIBI','Kim Hyungseo','비비','김형서','1998-09-27','South Korea','',1,492769957508284447),(44,165,'Blue','Jung Gahee','파랑','정가희','1994-01-18','South Korea','Gwangju',1,492769957508284447),(45,NULL,'BoA','Kwon Boa','보아','권보아','1986-11-05','South Korea','Guri',1,492769957508284447),(46,121,'Boa','Kim Boah','보아','김보아','1987-01-14','South Korea','',1,492769957508284447),(47,53,'Boeun','Park Boeun','보은','박보은','2008-02-11','South Korea','',1,492769957508284447),(48,121,'Bohyung','Kim Bohyung','보형','김보형','1991-03-31','South Korea','',1,492769957508284447),(49,4,'Bom','Park Bom','봄','박봄','1984-03-24','South Korea','',1,492769957508284447),(50,19,'Bomi','Yoon Bomi','보미','윤보미','1993-08-13','South Korea','Suwon',1,492769957508284447),(51,172,'Bomin','Kim Bomin','보민','김보민','2001-09-24','South Korea','Gwangju',1,492769957508284447),(52,211,'Bona','Kim Jiyeon','보나','김지연','1995-08-19','South Korea','Daegu',1,492769957508284447),(53,67,'Boni','Choi Euijeong','보니','최의정','1999-10-30','South Korea','',1,492769957508284447),(54,184,'Bora','Yoon Bora','보라','윤보라','1989-12-30','South Korea','',1,492769957508284447),(55,49,'Bora','Kim Bora','보라','김보라','1999-03-03','South Korea','',1,492769957508284447),(56,NULL,'Boram','Jeon Boram','보람','전보람','1986-03-22','South Korea','Seoul',1,492769957508284447),(57,76,'Cao Lu','Cao Lu','차오루','차오루','1987-08-30','China','Zhangjiajie',1,492769957508284447),(58,149,'Chaebin','Choi Yoobin','채빈','최유빈','1999-07-28','South Korea','',1,492769957508284447),(59,11,'Chaeeun','Yoon Chaeeun','채은','윤채은','2005-12-10','South Korea','Mokpo',1,492769957508284447),(60,39,'Chaehyun','Kim Chaehyun','채현','김채현','1999-11-29','South Korea','',1,492769957508284447),(61,122,'Chaehyun','Kim Chaehyun','채현','김채현','2002-04-26','South Korea','',1,492769957508284447),(62,166,'Chaein','Lee Chaeyoung','채인','이채영','2002-12-05','South Korea','',1,492769957508284447),(63,15,'Chaejeong','Lee Chaejeong','채정','이채정','1999-08-26','South Korea','',1,492769957508284447),(64,21,'Chaekyung','Yoon Chaekyung','채경','윤채경','1996-07-07','South Korea','Incheon',1,492769957508284447),(65,74,'Chaelin','Lee Chaelin','채린','이채린','1999-10-20','South Korea','',1,492769957508284447),(66,49,'Chaerin','Park Chaerin','채린','박채린','2002-03-13','South Korea','',1,492769957508284447),(67,110,'Chaerin','Park Chaerin','채린','박채린','2003-03-31','South Korea','',1,492769957508284447),(68,219,'Chaerin','Lee Chaerin','채린','이채린','2007-07-07','South Korea','',1,492769957508284447),(69,116,'Chaeryeong','Lee Chaeryeong','채령','이채령','2001-06-05','South Korea','Yongin',1,492769957508284447),(70,52,'Chaesol','Maeng Chaesol','채솔','맹채솔','1998-07-14','South Korea','Yeosu',1,492769957508284447),(71,21,'Chaewon','Kim Chaewon','채원','김채원','1997-11-08','South Korea','Gongju',1,492769957508284447),(72,128,'Chaewon','Kim Chaewon','채원','김채원','2000-08-01','South Korea','Seoul',1,492769957508284447),(73,137,'Chaewon','Lee Chaewon','채원','이채원','2000-03-18','South Korea','',1,492769957508284447),(74,53,'Chaewon','Yoon Chaewon','채원','윤채원','2003-06-04','South Korea','',1,492769957508284447),(75,56,'ChaeY','Song Chaeyeon','채이','송채연','2003-01-06','South Korea','',1,492769957508284447),(76,64,'Chaeyeon','Jung Chaeyeon','채연','정채연','1997-12-01','South Korea','Suncheon',1,492769957508284447),(77,198,'Chaeyeon','Kim Chaeyeon','채연','김채연','2004-12-04','South Korea','',1,492769957508284447),(78,118,'Chaeyeon','Lee Chaeyeon','채연','이채연','2000-01-11','South Korea','Yongin',1,492769957508284447),(79,199,'Chaeyoung','Son Chaeyoung','채영','손채영','1999-04-23','South Korea','Seoul',1,492769957508284447),(80,79,'Chaeyoung','Lee Chaeyoung','채영','이채영','2000-05-14','South Korea','Pohang',1,492769957508284447),(81,220,'Chahee','Park Sooyoung','차희','박수영','1996-03-24','South Korea','',1,492769957508284447),(82,17,'Chanmi','Kim Chanmi','찬미','김찬미','1996-06-19','South Korea','Gumi',1,492769957508284447),(83,127,'Chanty','Maria Chantal Videla','샨티','마리아 샹탈 비델라','2002-12-15','Philippines','Manila',1,492769957508284447),(84,NULL,'Cheng Xiao','Cheng Xiao','성소','청샤오','1998-07-15','China','Shenzhen',1,492769957508284447),(85,221,'Cheongeum','Jang Cheongeum','청음','장청음','1996-06-19','South Korea','',1,492769957508284447),(86,214,'Chi.u','Lee Jaeyi','치유','이재이','1998-08-16','South Korea','',1,492769957508284447),(87,74,'Chiayi','Li Chiayi','지아이','지아이','2000-01-22','Taiwan','',1,492769957508284447),(88,26,'Chiquita','Riracha Phondechaphiphat','치키타','리라차 폰데차피팟','2009-02-17','Thailand','',1,492769957508284447),(89,52,'Chloe','Yun Jiwon','클로이','윤지원','2001-01-06','South Korea','Seoul',1,492769957508284447),(90,NULL,'Choa','Park Choa','초아','박초아','1990-03-06','South Korea','Incheon',1,492769957508284447),(91,57,'Choa','Heo Minjin','초아','허민진','1990-07-12','South Korea','Seoul',1,492769957508284447),(92,132,'Choerry','Choi Yerim','최리','최예림','2001-06-04','South Korea','',1,492769957508284447),(93,19,'Chorong','Park Chorong','초롱','박초롱','1991-03-03','South Korea','Chungwongoon',1,492769957508284447),(94,129,'Chowon','Han Chowon','초원','한초원','2002-09-16','South Korea','Seoul',1,492769957508284447),(95,110,'Chowon','Kim Chowon','초원','김초원','2005-08-18','South Korea','',1,492769957508284447),(96,43,'Choyeon','Kim Choyeon','초연','김초연','2001-08-01','South Korea','',1,492769957508284447),(97,NULL,'Chungha','Kim Chungha','청하','김청하','1996-02-09','South Korea','Dallas',1,492769957508284447),(98,132,'Chuu','Kim Jiwoo','츄','김지우','1999-10-20','South Korea','Cheongju',1,492769957508284447),(99,4,'CL','Lee Chaerin','씨엘','이채린','1991-02-26','South Korea','',1,492769957508284447),(100,40,'Cui Xiang','Cui Xiang','최상','최상','1995-01-26','China','',1,492769957508284447),(101,43,'Cyan','Lee Chaeeun','시안','이채은','2001-04-04','South Korea','Sanbon',1,492769957508284447),(102,187,'D.ana','Cho Eunae','디애나','조은애','1995-09-10','South Korea','Seoul',1,492769957508284447),(103,22,'Dabi','Park Jiwon','다비','박지원','2000-01-19','South Korea','',1,492769957508284447),(104,3,'Daeun','Jung Daeun','정다은','정다은','1994-06-03','South Korea','Bucheon',1,492769957508284447),(105,157,'Daewang Nim','Daewang Nim','대왕님','대왕님','1996-04-08','South Korea','',1,492769957508284447),(106,NULL,'Dahye','Song Dahye','다혜','송다혜','1993-06-12','South Korea','',1,492769957508284447),(107,199,'Dahyun','Kim Dahyun','다현','김다현','1998-05-28','South Korea','Seongnam',1,492769957508284447),(108,173,'Dahyun','Jeong Dahyun','다현','정다현','2005-04-29','South Korea','',1,492769957508284447),(109,198,'Dahyun','Seo Dahyun','다현','서다현','2003-01-08','South Korea','Busan',1,492769957508284447),(110,NULL,'Dain','Song Jieun','다인','송지은','1990-06-25','South Korea','',1,492769957508284447),(111,222,'Dain','Jung Dain','다인','정다인','2004-12-15','South Korea','',1,492769957508284447),(112,NULL,'Daisy','Yoo Jeongahn','데이지','유정안','1999-01-22','South Korea','Seoul',1,492769957508284447),(113,217,'Dajeong','Kim Dajeong','다정','김다정','1995-08-08','South Korea','Gwangju',1,492769957508284447),(114,158,'Dajeong','Jung Dajeong','다정','정다정','2003-07-31','South Korea','',1,492769957508284447),(115,103,'Dakyung','Jung Dakyung','다경','정다경','2001-07-23','South Korea','',1,492769957508284447),(116,16,'Dalyn','Lee Sohyun','달린','이소현','1999-08-27','South Korea','',1,492769957508284447),(117,24,'Damhee','Park Damhee','담희','박담희','2000-06-21','South Korea','',1,492769957508284447),(118,66,'Dami','Lee Yoobin','다미','이유빈','1997-03-07','South Korea','Seoul',1,492769957508284447),(119,16,'Dami','Hong Dayoung','담이','홍다영','2001-06-07','South Korea','',1,492769957508284447),(120,168,'Damin','Kang Damin','다민','강다민','2004-03-24','South Korea','Seoul',1,492769957508284447),(121,140,'Dan-a','Park Seungyeon','단아','박승연','1993-06-26','South Korea','',1,492769957508284447),(122,222,'Dana','Jang Dana','다나','장다나','2003-12-25','South Korea','',1,492769957508284447),(123,151,'Danielle','Mo Jihye','다니엘','모지혜','2005-04-11','South Korea','Munsan',1,492769957508284447),(124,221,'Dany','Jeon Eunji','다니','전은지','1998-01-20','South Korea','',1,492769957508284447),(125,4,'Dara','Park Sandara','다라','박산다라','1984-11-12','South Korea','',1,492769957508284447),(126,137,'Daseul','Yang Daseul','다슬','양다슬','2000-09-14','South Korea','',1,492769957508284447),(127,184,'Dasom','Kim Dasom','다솜','김다솜','1993-05-06','South Korea','',1,492769957508284447),(128,3,'Dasom','Lee Dasom','다솜','이다솜','1993-11-13','South Korea','Cheongju',1,492769957508284447),(129,211,'Dawon','Nam Dawon','다원','남다원','1997-03-16','South Korea','Seoul',1,492769957508284447),(130,23,'Dawon','Lee Dawon','다원','이다원','1996-12-02','South Korea','',1,492769957508284447),(131,28,'Daye','Kim Hyunjung','다예','김현정','1998-02-25','South Korea','',1,492769957508284447),(132,215,'Dayeon','Hwang Da Kyeon','다연','황연경','1995-11-17','South Korea','',1,492769957508284447),(133,122,'Dayeon','Kim Dayeon','다연','김다연','2003-03-02','South Korea','',1,492769957508284447),(134,33,'Dayoung','Kim Dayoung','다영','김다영','1991-02-02','South Korea','Jeonju',1,492769957508284447),(135,211,'Dayoung','Im Dayoung','다영','임다영','1999-05-14','South Korea','Jeju',1,492769957508284447),(136,39,'Dayun','Kim Dayun','다윤','김다윤','2000-11-20','South Korea','',1,492769957508284447),(137,174,'Della','Park Sehyun','델라','박세현','1995-09-03','South Korea','',1,492769957508284447),(138,NULL,'Denise','Kim Denise','데니스','김데니스','2001-01-11','South Korea','',1,492769957508284447),(139,137,'Dia','Kwak Minnyeong','디아','곽민녕','1999-09-03','South Korea','',1,492769957508284447),(140,158,'Dia','Choi Eunji','디아','최은지','2001-07-16','South Korea','',1,492769957508284447),(141,182,'Dita','Dita Karang','디타','디타 가랑','1996-12-25','Indonesia','Yogyakarta',1,492769957508284447),(142,15,'Do-A','Choi Yuna','도아','최윤아','1999-02-02','South Korea','',1,492769957508284447),(143,208,'Doa','Im Youngseo','도아','임영서','2001-10-29','South Korea','',1,492769957508284447),(144,74,'Doah','Kim Doah','도아','김도아','2003-12-04','South Korea','',1,492769957508284447),(145,NULL,'Dohee','Yoon Dohee','도희','윤도희','1999-09-24','South Korea','',1,492769957508284447),(146,195,'Dohee','Min Dohee','도희','민도희','1994-09-25','South Korea','',1,492769957508284447),(147,52,'Dohee','Kwon Dohee','도희','권도희','2002-08-01','South Korea','Seoul',1,492769957508284447),(148,74,'Doi','Kim Doi','도이','김도이','1994-04-12','South Korea','',1,492769957508284447),(149,166,'Dosie','Jang Eunseung','도시','장은성','2000-02-11','South Korea','',1,492769957508284447),(150,210,'Doyeon','Kim Doyeon','도연','김도연','1999-12-04','South Korea','Incheon',1,492769957508284447),(151,58,'Duna','Kang Duna','두나','강두나','2005-04-28','South Korea','Gangwon',1,492769957508284447),(152,13,'E-Young','Noh Yiyoung','이영','노이영','1992-08-16','South Korea','Chuncheon',1,492769957508284447),(153,110,'E.Ji','Choi Jiwon','이지','최지원','2000-11-08','South Korea','',1,492769957508284447),(154,214,'E.sha','Kwon Yena','이샤','권예나','1998-12-29','Australia','',1,492769957508284447),(155,69,'E:U','Park Jiwon','이유','박지원','1998-05-19','South Korea','',1,492769957508284447),(156,15,'EJ','Kim Eunji','이제이','김은지','1997-08-13','South Korea','',1,492769957508284447),(157,NULL,'Elkie','Chong Ting Yan','엘키','쫑딩얀','1998-11-02','Hong Kong','Hong Kong',1,492769957508284447),(158,NULL,'Ella','Kim Kyungjoo','엘라','김경주','1998-03-26','South Korea','',1,492769957508284447),(159,57,'Ellin','Kim Minyoung','엘린','김민영','1990-04-02','South Korea','Daegu',1,492769957508284447),(160,210,'Elly','Jung Haerim','엘리','정해림','1998-07-20','South Korea','',1,492769957508284447),(161,87,'Ellyn','Bang Sunhee','엘린','방선희','2002-10-19','South Korea','',1,492769957508284447),(162,113,'Elva','Lee Yonghwa','엘바','이용화','2003-05-05','South Korea','',1,492769957508284447),(163,134,'Eseo','Noh Hyunjung','이서','노현정','1996-03-04','South Korea','',1,492769957508284447),(164,NULL,'Euaerin','Lee Hyemin','이유애린','이혜민','1988-05-03','South Korea','Seoul',1,492769957508284447),(165,219,'Euijeong','Yeon Euijeong','연의정','연의정','2001-07-21','South Korea','',1,492769957508284447),(166,187,'Euijin','Hong Euijin','의진','홍의진','1996-10-08','South Korea','Gwangju',1,492769957508284447),(167,200,'Eun','Choi Eunmi','은','최은미','1990-05-14','South Korea','',1,492769957508284447),(168,208,'Euna','','은아','','2003-05-25','South Korea','',1,492769957508284447),(169,137,'EunB','Shin Eunbi','은비','신은비','2000-09-17','South Korea','',1,492769957508284447),(170,160,'EunB','Byun Eunbi','은비','변은비','2000-11-23','South Korea','Busan',1,492769957508284447),(171,118,'Eunbi','Kwon Eunbi','은비','권은비','1995-09-27','South Korea','Seoul',1,492769957508284447),(172,54,'Eunbin','Kwon Eunbin','은빈','권은빈','2000-01-06','South Korea','Seoul',1,492769957508284447),(173,64,'Eunchae','Kwon Chaewon','은채','권채원','1999-05-26','South Korea','',1,492769957508284447),(174,43,'Eunchae','Son Eunchae','은채','손은채','1999-10-06','South Korea','Pohang',1,492769957508284447),(175,128,'Eunchae','Hong Eunchae','은채','홍은채','2006-11-10','South Korea','',1,492769957508284447),(176,203,'Eunha','Jung Eunbi','은하','정은비','1997-05-30','South Korea','Seoul',1,492769957508284447),(177,64,'Eunice','Heo Sooyeon','유니스','허수연','1991-09-02','South Korea','Busan',1,492769957508284447),(178,19,'Eunji','Jung Eunji','은지','정은지','1993-08-18','South Korea','Busan',1,492769957508284447),(179,41,'Eunji','Hong Eunji','은지','홍은지','1992-07-19','South Korea','Seoul',1,492769957508284447),(180,NULL,'Eunjin','Ahn Eunjin','은진','안은진','1997-08-31','South Korea','Mokpo',1,492769957508284447),(181,159,'Eunjin','Ma Eunjin','은진','마은진','1997-05-23','South Korea','Wonju',1,492769957508284447),(182,105,'Eunjin','Moon Eunjin','은진','문은진','1998-11-05','South Korea','',1,492769957508284447),(183,67,'Eunjo','Park Eunjo','은조','박은조','2002-03-07','South Korea','',1,492769957508284447),(184,192,'Eunjung','Ham Eunjung','은정','함은정','1988-12-12','South Korea','Seoul',1,492769957508284447),(185,211,'Eunseo','Son Juyeon','은서','손주연','1998-05-27','South Korea','Incheon',1,492769957508284447),(186,106,'Eunwoo','Jeong Eunwoo','은우','정은우','1998-07-01','South Korea','',1,492769957508284447),(187,200,'Eunyoung','Joo Eunyoung','은영','주은영','1992-06-12','South Korea','',1,492769957508284447),(188,211,'Exy','Chu Sojung','엑시','추소정','1995-11-06','South Korea','Busan',1,492769957508284447),(189,NULL,'Eyedi','Nam Yujin','아이디','남유진','1995-12-08','South Korea','',1,492769957508284447),(190,32,'Fatou','Fatou Samba','파투','파투 삼바','1995-03-23','Belgium','Yoff',1,492769957508284447),(191,145,'Fei','Wang FeiFei','페이','왕페이페이','1987-04-27','China','Haikou',1,492769957508284447),(192,NULL,'G.NA','Gina Jane Choi','지나','최지나','1987-09-13','Canada','Edmonton',1,492769957508284447),(193,32,'Gabi','Gabriela Strassburger Dalcin','가비','가브리엘라 스트라스부르거 달신','2002-11-07','Brazil','Santa Catarina',1,492769957508284447),(194,33,'Gabin','Kim Gabin','가빈','김가빈','1989-09-18','South Korea','Busan',1,492769957508284447),(195,75,'Gaeul','Park Gaeul','가을','박가을','1999-05-08','South Korea','Seoul',1,492769957508284447),(196,117,'Gaeul','Kim Gaeul','가을','김가을','2002-09-24','South Korea','Incheon',1,492769957508284447),(197,NULL,'Gaeun','Cho Kaeun','가은','조가은','1992-07-28','South Korea','Changwon',1,492769957508284447),(198,130,'Gaeun','Oh Gaeun','가은','오가은','2005-11-08','South Korea','',1,492769957508284447),(199,24,'Gaeun','Lee Gaeun','가은','이가은','2000-07-18','South Korea','',1,492769957508284447),(200,223,'Gaga','Lee Soobin','가가','이수빈','1994-11-10','South Korea','',1,492769957508284447),(201,NULL,'Gaga','Li Jia Jia','가가','리 지아 지아','1999-09-01','China','',1,492769957508284447),(202,66,'Gahyeon','Lee Gahyeon','가현','이가현','1999-02-03','South Korea','Seongnam',1,492769957508284447),(203,42,'Gain','Son Gain','가인','손가인','1987-09-20','South Korea','',1,492769957508284447),(204,39,'Gaon','Beom Gaon','가온','범가온','2001-03-09','South Korea','',1,492769957508284447),(205,NULL,'Garam','Kim Garam','가람','김가람','2005-11-16','South Korea','',1,492769957508284447),(206,6,'Gayoon','Heo Gayoon','가윤','허가윤','1990-05-18','South Korea','Seoul',1,492769957508284447),(207,190,'Gayoung','Kim Gayoung','가영','김가영','1991-12-02','South Korea','Seoul',1,492769957508284447),(208,196,'Genie','Cho Heejin','지니','조희진','2002-03-19','South Korea','',1,492769957508284447),(209,58,'Geumhee','Han Geumhee','금희','한금희','2005-03-04','South Korea','Incheon',1,492769957508284447),(210,57,'Geummi','Baek Boram','금미','백보람','1988-06-18','South Korea','Seoul',1,492769957508284447),(211,33,'Giru','Park Giru','기루','박기루','1991-08-14','South Korea','Incheon',1,492769957508284447),(212,12,'Giselle','Uchinaga Aeri','지젤','우치나가 애리','2000-10-30','Japan','',1,492769957508284447),(213,166,'Goeun','Na Goeun','고은','나고은','1999-09-03','South Korea','',1,492769957508284447),(214,132,'Gowon','Park Chaewon','고원','박채원','2000-11-19','South Korea','',1,492769957508284447),(215,28,'Gowoon','Moon Yujeong','고운','문유정','1998-12-18','South Korea','',1,492769957508284447),(216,97,'Gracie','Kim Gaeun','그레이시','김가운','1996-10-28','South Korea','',1,492769957508284447),(217,120,'Gyuri','Park Gyuri','규리','박규리','1988-05-21','South Korea','Seoul',1,492769957508284447),(218,NULL,'Gyuri','Jang Gyuri','규리','장규리','1997-12-27','South Korea','Seoul',1,492769957508284447),(219,NULL,'Habin','Yoo Habin','하빈','유하빈','2002-03-10','South Korea','',1,492769957508284447),(220,95,'Haebin','Han Haebin','해빈','한해빈','1995-08-16','South Korea','',1,492769957508284447),(221,125,'Haein','Yeom Haein','해인','염해인','1995-05-19','South Korea','Ojeonggu',1,492769957508284447),(222,140,'Haena','Lee Haena','해나','이해나','1991-06-02','South Korea','',1,492769957508284447),(223,16,'Haena','Jeon Eunbi','해나','전은비','2002-02-19','South Korea','',1,492769957508284447),(224,62,'Haeri','Lee Haeri','해리','이해리','1985-02-14','South Korea','Seoul',1,492769957508284447),(225,156,'Haeri','Jung Haeri','해리','정해리','1997-01-14','South Korea','Seoul',1,492769957508284447),(226,151,'Haerin','Kang Haerin','해린','강해린','2006-05-15','South Korea','Gimcheon',1,492769957508284447),(227,29,'Haeryeong','Na Haeryeong','해령','나해령','1994-11-11','South Korea','',1,492769957508284447),(228,5,'Haeun','Yoon Haeun','하은','윤하은','1999-03-12','South Korea','',1,492769957508284447),(229,127,'Haeun','Lim Haeun','하은','임하은','2008-11-02','South Korea','',1,492769957508284447),(230,24,'Haeun','Lee Haeun','하은','윤하은','2002-06-25','South Korea','',1,492769957508284447),(231,152,'Haewon','Oh Haewon','해원','오해원','2003-02-25','South Korea','',1,492769957508284447),(232,223,'Haeyeon','Lee Taeyeon','해연','이태연','1994-01-11','South Korea','',1,492769957508284447),(233,49,'Haeyoon','Park Haeyoon','해윤','박해윤','1996-01-10','South Korea','',1,492769957508284447),(234,NULL,'Hajeong','Lee Hajeong','하정','이하정','1997-09-23','South Korea','',1,492769957508284447),(235,224,'Han Hyeri','Han Hyeri','한혜리','한혜리','1997-08-24','South Korea','Gwangmyeong',1,492769957508284447),(236,174,'Han Leeseul','Han Jiyoon','한이슬','한지윤','2000-02-12','South Korea','',1,492769957508284447),(237,95,'Hana','Shin Bora','하나','신보라','1993-04-30','South Korea','',1,492769957508284447),(238,181,'Hana','Jung Hana','하나','정하나','1990-02-02','South Korea','Uljeongbu',1,492769957508284447),(239,113,'Hana','Hayase Hana','하나','하야세 하나','2000-02-27','Japan','',1,492769957508284447),(240,NULL,'Hanbyeol','Ahn Hanbyeol','한별','안한별','2003-10-13','South Korea','',1,492769957508284447),(241,160,'Hanbyul','Kyung Hanbyul','한별','경한별','2005-07-01','South Korea','Seoul',1,492769957508284447),(242,66,'Handong','Han Dong','한동','한동','1996-03-26','China','Wuhan',1,492769957508284447),(243,180,'Haneul','Choi Haneul','하늘','최하늘','2000-11-28','South Korea','',1,492769957508284447),(244,218,'Haneul','Won Haneul','하늘','원하늘','2005-05-25','South Korea','Suwon',1,492769957508284447),(245,71,'Hani','Ahn Hee-yeon','하니','안희연','1992-05-01','South Korea','Seoul',1,492769957508284447),(246,146,'Hanna','Shin Jiyeon','한나','신지연','1994-02-19','South Korea','',1,492769957508284447),(247,168,'Hannah','Bae Hyunyoung','해나','배현영','1999-10-23','South Korea','Seongnam',1,492769957508284447),(248,151,'Hanni','Pham Ngoc Han','하니','팜응옥헌','2004-10-06','Vietnam','Melbourne',1,492769957508284447),(249,160,'Hanwoom','Byun Hanwoom','한움','변한움','2001-06-05','South Korea','Seoul',1,492769957508284447),(250,30,'Haram','Kim Haram','하람','김하람','2001-01-13','South Korea','',1,492769957508284447),(251,26,'Haram','Shin Haram','하람','신하람','2007-10-17','South Korea','',1,492769957508284447),(252,120,'Hara†','Koo Hara','하라','구하라','1991-01-13','South Korea','Gwangju',1,492769957508284447),(253,90,'Hari','','하리','','2005-04-08','Japan','Kagoshima',1,492769957508284447),(254,135,'Harin','','하린','','1995-11-21','South Korea','Seoul',1,492769957508284447),(255,157,'Harin','Park Guenhye','하린','박근혜','2000-05-26','South Korea','',1,492769957508284447),(256,40,'Harin','Seo Harin','하린','서하린','2000-12-07','South Korea','',1,492769957508284447),(257,223,'Haru','Han Sangsook','하루','한상숙','1994-07-06','South Korea','Bucheon',1,492769957508284447),(258,149,'Haru','Abe Haruno','하루','아베 하루노','2000-02-21','Japan','',1,492769957508284447),(259,221,'Haru','Lee Yoojeong','하루','이유정','1997-02-26','South Korea','',1,492769957508284447),(260,30,'Haruna','Osato Haruna','하루나','오사토 하루나','2006-01-30','Japan','',1,492769957508284447),(261,132,'Haseul','Jo Haseul','하슬','조하슬','1997-08-18','South Korea','Ansan',1,492769957508284447),(262,39,'Hayoon','Jung Hayoon','하윤','정하윤','1998-11-21','South Korea','',1,492769957508284447),(263,19,'Hayoung','Oh Hayoung','하영','오하영','1996-07-19','South Korea','Seoul',1,492769957508284447),(264,159,'Hayoung','Lee Hayoung','하영','이하영','1993-08-03','South Korea','',1,492769957508284447),(265,79,'Hayoung','Song Hayoung','하영','송하영','1997-09-29','South Korea','Gwangju',1,492769957508284447),(266,NULL,'Hayun','Lee Hayun','하윤','이하윤','1994-08-29','South Korea','Changwon',1,492769957508284447),(267,103,'Hayun','Choi Hayun','하윤','최하윤','2004-01-16','South Korea','Seoul',1,492769957508284447),(268,132,'Heejin','Jeon Heejin','희진','전희진','2000-10-19','South Korea','Seongnam',1,492769957508284447),(269,92,'Heejin','Song Heejin','희진','송희진','1995-08-19','South Korea','Seoul',1,492769957508284447),(270,221,'Heejoo','Jeon Heejoo','희주','전희주','1996-11-30','South Korea','',1,492769957508284447),(271,7,'Heeo','Gwak Heeoh','히오','곽히오','1994-05-02','South Korea','',1,492769957508284447),(272,137,'Heesu','Kim Heesu','희수','김희수','1998-03-24','South Korea','',1,492769957508284447),(273,157,'Heesun','Park Heesun','희선','박희선','2005-01-25','South Korea','',1,492769957508284447),(274,146,'Heeyu','Choi Heejae','희유','최희재','1995-06-30','South Korea','',1,492769957508284447),(275,NULL,'Henny','Kang Gayoung','헤니','강가영','1994-12-01','South Korea','',1,492769957508284447),(276,187,'High.D','Kim Dohee','하이디','김도희','1996-12-21','South Korea','Suwon',1,492769957508284447),(277,122,'Hikaru','Ezaki Hikaru','히카루','에자키 히카루','2004-03-12','Japan','',1,492769957508284447),(278,129,'Hina','Nagai Hina','히나','나가이 히나','2003-04-07','Japan','Kanagawa',1,492769957508284447),(279,118,'Hitomi','Honda Hitomi','히토미','혼다 히토미','2001-10-06','Japan','Toghichi',1,492769957508284447),(280,64,'Huihyeon','Ki Huihyeon','희현','기희현','1995-06-16','South Korea','Namwon',1,492769957508284447),(281,NULL,'Huiyeon','Oh Huiyeon','휘연','오휘연','2005-08-01','South Korea','',1,492769957508284447),(282,138,'Hwasa','Ahn Hyejin','화사','안혜진','1995-07-23','South Korea','Jeonju',1,492769957508284447),(283,98,'Hwiseo','Jo Hwihyeon','화서','조휘현','2002-07-31','South Korea','',1,492769957508284447),(284,3,'Hyangsuk','Lee Hyangsuk','향숙','이향숙','1991-04-24','South Korea','Seoul',1,492769957508284447),(285,147,'Hyebin','Lee Hyebin','혜빈','이혜빈','1996-01-12','South Korea','Andong',1,492769957508284447),(286,105,'Hyebin','Im Hyebin','혜빈','임혜빈','1999-11-10','South Korea','',1,492769957508284447),(287,22,'Hyebin','Kim Hyebin','혜빈','김혜빈','1997-03-29','South Korea','',1,492769957508284447),(288,151,'Hyein','Lee Hyein','혜인','이혜인','2008-04-21','South Korea','Incheon',1,492769957508284447),(289,17,'Hyejeong','Shin Hyejeong','혜정','신혜정','1993-08-10','South Korea','Seoul',1,492769957508284447),(290,7,'Hyeji','Jeong Hyeji','혜지','정혜지','1992-04-02','South Korea','Seoul',1,492769957508284447),(291,7,'Hyejin','Baek Hyejin','혜진','백혜진','1996-11-21','South Korea','Sacheon',1,492769957508284447),(292,56,'Hyejin','Kang Hyejin','혜진','강혜진','2000-07-13','South Korea','',1,492769957508284447),(293,105,'Hyejoo','Park Hyunjoo','혜주','박현주','1999-01-12','South Korea','',1,492769957508284447),(294,53,'Hyeju','Hong Hyeju','혜주','홍혜주','2003-12-09','South Korea','Seoul',1,492769957508284447),(295,8,'Hyemi','Pyo Hyemi','혜미','표혜미','1991-04-03','South Korea','Gwangju',1,492769957508284447),(296,76,'Hyemi','Kim Hyemi','혜미','김혜미','1990-08-10','South Korea','Seoul',1,492769957508284447),(297,190,'Hyeoeun','Lee Hyoeun','효은','이효은','1993-03-16','South Korea','Seoul',1,492769957508284447),(298,222,'Hyeongshin','Kim Hyungshin','형신','김형신','2002-05-03','South Korea','',1,492769957508284447),(299,NULL,'Hyeran','Noh Hyeran','혜란','노혜란','1993-04-09','South Korea','',1,492769957508284447),(300,86,'Hyeri','Lee Hyeri','혜리','이혜리','1994-06-09','South Korea','Gwangju',1,492769957508284447),(301,212,'Hyerim','Woo Hyerim','혜림 ','우혜림','1992-09-01','South Korea','Seoul',1,492769957508284447),(302,71,'Hyerin','Seo Hyerin','혜린','서혜린','1993-08-23','South Korea','Gwangju',1,492769957508284447),(303,3,'Hyerin','Kim Hyerin','혜린','김혜린','1993-06-13','South Korea','Seoul',1,492769957508284447),(304,198,'Hyerin','Jeong Hyerin','혜린','정혜린','2007-04-12','South Korea','',1,492769957508284447),(305,118,'Hyewon','Kang Hyewon','혜원','강혜원','1999-07-05','South Korea','Yangsan',1,492769957508284447),(306,29,'Hyeyeon','Kang Hyeyeon','혜연','강혜연','1990-12-08','South Korea','',1,492769957508284447),(307,NULL,'Hyeyeon','Cho Hyeyeon','혜연','조혜연','2000-08-05','South Korea','',1,492769957508284447),(308,23,'Hyogyeong','Jang Hyogyeong','효경','장효경','1999-11-15','South Korea','',1,492769957508284447),(309,154,'Hyojung','Choi Hyojung','효정','최효정','1994-07-28','South Korea','Yangyang',1,492769957508284447),(310,192,'Hyomin','Park Sunyoung','효민','박선영','1989-05-30','South Korea','Busan',1,492769957508284447),(311,143,'Hyori','Inn Hyori','효리','인효리','2000-06-02','South Korea','',1,492769957508284447),(312,184,'Hyorin','Kim Hyojung','효린','김효정','1990-12-11','South Korea','',1,492769957508284447),(313,97,'Hyosun','Lim Hyosun','효선','임효선','1998-07-10','South Korea','',1,492769957508284447),(314,181,'Hyosung','Jun Hyoseong','효성','전효성','1989-10-13','South Korea','Cheongju',1,492769957508284447),(315,225,'Hyoyeon','Kim Hyoyeon','효연','김효연','1989-09-22','South Korea','Incheon',1,492769957508284447),(316,6,'HyunA','Kim Hyuna','현아','김현아','1992-06-06','South Korea','Jeolla',1,492769957508284447),(317,NULL,'Hyuna','Moon Hyuna','현아','문현아','1987-01-19','South Korea','Yeosu',1,492769957508284447),(318,197,'Hyunbin','Kim Hyunbin','현빈‬','김현빈‬','2004-05-26','South Korea','',1,492769957508284447),(319,53,'Hyungseo','Myeong Hyeongseo','형서','명형서','2001-06-25','South Korea','',1,492769957508284447),(320,217,'Hyunji','Kim Hyunji','현지','김현지','1992-06-30','South Korea','',1,492769957508284447),(321,132,'Hyunjin','Kim Hyunjin','현진','김현진','2000-11-15','South Korea','Jeonju',1,492769957508284447),(322,201,'Hyunjoo','Lee Hyunjoo','현주','이현주','1998-02-05','South Korea','Seoul',1,492769957508284447),(323,NULL,'Hyunseo','Go Hyunseo','현서','고현서','1999-06-17','South Korea','',1,492769957508284447),(324,169,'Hyunyoung','Cho Hyunyoung','현영','조현영','1991-08-11','South Korea','Seoul',1,492769957508284447),(325,NULL,'I','Cha Yoonji','아이','차윤지','1996-12-02','South Korea','Busan',1,492769957508284447),(326,115,'I.L','Kim Jiwon','아이엘','김지원','1997-07-01','South Korea','Daegu',1,492769957508284447),(327,215,'Iaan','Yoo Dongju','이안','유동주','2002-03-22','South Korea','',1,492769957508284447),(328,136,'Ida','Ko Chaeyoung','아이다','고채영','2000-05-19','South Korea','',1,492769957508284447),(329,166,'Ireh','Cho Seoyoung','이레','조서영','2002-04-30','South Korea','',1,492769957508284447),(330,171,'Irene','Bae Juhyun','아이린','배주현','1991-03-29','South Korea','Daegu',1,492769957508284447),(331,189,'Isa','Lee Chaeyoung','아이사','이채영','2002-01-23','South Korea','Busan',1,492769957508284447),(332,135,'Isol','','이솔','','1997-05-01','South Korea','Seoul',1,492769957508284447),(333,NULL,'IU','Lee Jieun','아이유','이지은','1993-05-16','South Korea','Seoul',1,492769957508284447),(334,16,'J','Lee Yeji','제이','이예지','1998-02-12','South Korea','',1,492769957508284447),(335,189,'J','Jang Yeeun','제이','장예은','2004-12-09','South Korea','Daejeon',1,492769957508284447),(336,195,'J.Min','Shin Minjung','제이민','신민정','1994-11-20','South Korea','',1,492769957508284447),(337,110,'Jackie','Kang Chaeyeon','재키','강채연','2001-11-17','USA','Los Angeles',1,492769957508284447),(338,209,'Jaehee','Lee Jaehee','재희','이재희','2004-03-18','South Korea','',1,492769957508284447),(339,169,'Jaekyung','Kim Jaekyung','재경','김재경','1988-12-24','South Korea','Seoul',1,492769957508284447),(340,2,'Jamie','Park Jimin','박지민','박지민','1997-07-05','South Korea','Junggu',1,492769957508284447),(341,147,'Jane','Sung Jiyeon','제인','성지연','1997-12-20','South Korea','Changwon',1,492769957508284447),(342,42,'Jea','Kim Hyojin','제아','김효진','1981-09-18','South Korea','',1,492769957508284447),(343,52,'Jeewon','Kim Jiwon','지원','김지원','1999-04-01','South Korea','Busan',1,492769957508284447),(344,76,'Jei','Kim Jinhee','재이','김진희','1989-09-05','South Korea','Bucheon',1,492769957508284447),(345,NULL,'Jenna','Kim Minji','제나','김민지','2006-10-06','South Korea','Changwon',1,492769957508284447),(346,31,'Jennie','Kim Jennie','제니','김제니','1996-01-16','South Korea','Anyang',1,492769957508284447),(347,NULL,'Jenny','Lee Soyul','제니','이소율','1996-09-04','South Korea','Seoul',1,492769957508284447),(348,75,'Jeonghee','Go Jeonghee','정희','고정희','2000-03-11','South Korea','Incheon',1,492769957508284447),(349,199,'Jeongyeon','Yoo Jeongyeon','정연','유정연','1996-11-01','South Korea','Suwon',1,492769957508284447),(350,190,'Jeonyul','Jeon Yuri','전율','전유리','1994-03-20','South Korea','Seoul',1,492769957508284447),(351,193,'Jerrry','Ahn Sohyun','제리','안소현','1992-08-27','South Korea','Seoul',1,492769957508284447),(352,NULL,'Jessica','Jessica Jung','제시카','제시카 정','1989-04-18','South Korea','',1,492769957508284447),(353,145,'Jia','Meng Jia','지아','멍지아','1989-02-03','China','Changja',1,492769957508284447),(354,197,'Jia','Guo Jiajia','지아','궈 지아지아','2005-07-30','China','',1,492769957508284447),(355,143,'Jia','Yoon Jia','지아','윤지아','2004-01-16','South Korea','Incheon',1,492769957508284447),(356,133,'Jiae','Yoo Jiae','지애','유지애','1993-05-21','South Korea','Seoul',1,492769957508284447),(357,206,'Jiae','Kim Jiae','지애','김지애','1995-10-31','South Korea','',1,492769957508284447),(358,134,'Jian','Kwon Jieun','지안','권지은','2001-03-14','South Korea','',1,492769957508284447),(359,NULL,'Jian','Kim Jian','지안','김지안','2006-11-04','South Korea','',1,492769957508284447),(360,181,'Jieun','Song Jieun','지은','송지은','1990-05-05','South Korea','Seoul',1,492769957508284447),(361,NULL,'Jieun','Park Jieun','지은','박지은','1997-09-04','South Korea','',1,492769957508284447),(362,35,'Jieun','Choi Jieun','지은','최지은','2001-03-03','South Korea','',1,492769957508284447),(363,209,'Jihan','Han Jihyo','지한','한지효','2004-07-12','South Korea','',1,492769957508284447),(364,79,'Jiheon','Baek Jiheon','지헌','백지헌','2003-04-17','South Korea','Jeolla',1,492769957508284447),(365,NULL,'Jiho','Kim Jiho','지호','김지호','1997-04-04','South Korea','Okcheon',1,492769957508284447),(366,199,'Jihyo','Park Jisoo','지효','박지수','1997-02-01','South Korea','Guri',1,492769957508284447),(367,160,'Jihyo','Lee Jihyo','지효','이지효','2001-04-22','South Korea','Gyeonggi',1,492769957508284447),(368,6,'Jihyun','Nam Jihyun','지현','남지현','1990-01-09','South Korea','Seoul',1,492769957508284447),(369,NULL,'Jimin','Shin Jimin','지민','신지민','1991-01-08','South Korea','Seoul',1,492769957508284447),(370,53,'Jimin','Won Jimin','지민','원지민','2007-11-25','South Korea','',1,492769957508284447),(371,133,'JIN','Park Myungeun','진','박명은','1996-06-12','South Korea','Busan',1,492769957508284447),(372,NULL,'JinE','Shin Hyejin','진이','신혜진','1995-01-22','South Korea','Pohang',1,492769957508284447),(373,197,'Jinha','Kim Jinha','진하','김진하','2003-11-21','South Korea','',1,492769957508284447),(374,135,'Jinhui','','진희','','1996-11-21','South Korea','Seongnam',1,492769957508284447),(375,NULL,'Jinju','Park Jinju','진주','박진주','1990-04-28','South Korea','',1,492769957508284447),(376,NULL,'Jinni','Choi Yujin','지니','최윤진','2004-04-16','South Korea','',1,492769957508284447),(377,182,'Jinny','Park Jinhee','지니','박진희','1998-01-19','South Korea','California',1,492769957508284447),(378,21,'Jinsol','Lee Jinsol','진솔','이진솔','2001-12-04','South Korea','Andong',1,492769957508284447),(379,132,'JinSoul','Jung Jinsol','진솔','정진솔','1997-06-13','South Korea','',1,492769957508284447),(380,133,'Jisoo','Seo Jisoo','지수','서지수','1994-02-11','South Korea','Incheon',1,492769957508284447),(381,31,'Jisoo','Kim Jisoo','지수','김지수','1995-01-03','South Korea','Seoul',1,492769957508284447),(382,193,'Jisoo','Shin Jisoo','지수','신지수','1994-02-28','South Korea','Chuncheon',1,492769957508284447),(383,45,'Jisoo','Jung Jisoo','지수','정지수','2003-11-22','South Korea','',1,492769957508284447),(384,169,'Jisook','Kim Jisook','지숙','김지숙','1990-07-18','South Korea','Suwon',1,492769957508284447),(385,79,'Jisun','Roh Jisun','지선','노지선','1998-11-23','South Korea','Seoul',1,492769957508284447),(386,226,'Jisun','Hwang Jisun','지선','황지선','1989-10-17','South Korea','',1,492769957508284447),(387,66,'Jiu','Kim Minji','지유','김민지','1994-05-17','South Korea','Daejeon',1,492769957508284447),(388,201,'Jiwon','Yang Jiwon','지원','양지원','1988-04-05','South Korea','Seoul',1,492769957508284447),(389,79,'Jiwon','Park Jiwon','지원','박지원','1998-03-20','South Korea','Busan',1,492769957508284447),(390,49,'Jiwon','Heo Jiwon','지원','허지원','2000-09-04','South Korea','',1,492769957508284447),(391,40,'Jiwon','Park Jiwon','지원','박지원','1997-03-17','South Korea','',1,492769957508284447),(392,227,'Jiwoo','Jeon Jiwoo','지우','전지우','1996-10-04','South Korea','',1,492769957508284447),(393,152,'Jiwoo','Kim Jiwoo','지우','김지우','2005-04-13','South Korea','',1,492769957508284447),(394,198,'Jiwoo','Lee Jiwoo','지우','이지우','2005-10-24','South Korea','',1,492769957508284447),(395,192,'Jiyeon','Park Jiyeon','지연','박지연','1993-06-07','South Korea','Seoul',1,492769957508284447),(396,6,'Jiyoon','Jeon Jiyoon','지윤','전지윤','1990-10-15','South Korea','Seoul',1,492769957508284447),(397,38,'Jiyoon','Woo Jiyoon','지윤','우지윤','1996-01-06','South Korea','Yeongju',1,492769957508284447),(398,NULL,'Jiyoon','Shin Jiyoon','지윤','신지윤','2002-03-02','South Korea','',1,492769957508284447),(399,110,'Jiyoon','Jeong Jiyoon','지윤','정지윤','2000-09-15','South Korea','',1,492769957508284447),(400,200,'Jiyou','Im Changsook','지유','임창숙','1989-06-15','South Korea','',1,492769957508284447),(401,120,'Jiyoung','Kang Jiyoung','지영','강지영','1994-01-18','South Korea','Paju',1,492769957508284447),(402,38,'Jiyoung','Ahn Jiyoung','지영','안지영','1995-09-14','South Korea','Yeongju',1,492769957508284447),(403,NULL,'Jiyul','Yang Jungyoon','지율','양정윤','1991-07-30','South Korea','Seoul',1,492769957508284447),(404,87,'JK','Kim Jikang','지강','김지강','1998-03-17','South Korea','',1,492769957508284447),(405,28,'Johyun','Shin Jiwon','조현','신지원','1996-04-14','South Korea','',1,492769957508284447),(406,NULL,'JOO','Jung Minjoo','주','정민주','1990-10-11','South Korea','Seoul',1,492769957508284447),(407,147,'Joo E','Lee Joowon','주이','이주원','1999-08-18','South Korea','Bucheon',1,492769957508284447),(408,103,'JooA','Lee Juhyun','주아','이주현','2002-03-04','South Korea','',1,492769957508284447),(409,110,'Joonie','Park Junhee','주니','박준희','2002-05-24','USA','',1,492769957508284447),(410,NULL,'Jooyeon','Lee Jooyeon','주연','이주연','1987-03-19','South Korea','Seoul',1,492769957508284447),(411,171,'Joy','Park Sooyoung','조이','박수영','1996-09-03','South Korea','Jeju',1,492769957508284447),(412,NULL,'Judy','Kim Dahye','주디','김다혜','1995-05-16','South Korea','',1,492769957508284447),(413,64,'Jueun','Lee Jooeun','주은','이주은','1995-07-07','South Korea','Suwon',1,492769957508284447),(414,23,'Jueun','Jo Jueun','주은','조주은','2001-01-27','South Korea','',1,492769957508284447),(415,129,'Juhyeon','Lee Juhyeon','주현','이주현','2004-04-08','South Korea','',1,492769957508284447),(416,35,'Juhyun','Cha Juhyun','주현','차주현','2000-04-01','South Korea','',1,492769957508284447),(417,223,'Juju','Park Juyoung','쥬쥬','박주영','1996-01-03','South Korea','Changwon',1,492769957508284447),(418,218,'Julie','Julie Han','쥴리','쥴리한','2000-03-29','South Korea','Hawaii',1,492769957508284447),(419,NULL,'Jungah','Kim Jungah','정아','김정아','1983-08-02','South Korea','Incheon',1,492769957508284447),(420,71,'Junghwa','Park Junghwa','정화','박정화','1995-05-08','South Korea','Anyang',1,492769957508284447),(421,46,'Jungwoo','Uhm Jungwoo','정우','엄정우','1999-04-02','South Korea','',1,492769957508284447),(422,173,'Juri','Takahashi Juri','쥬리','타카하시 쥬리','1997-10-03','Japan','',1,492769957508284447),(423,180,'Juyeon','Lee Juyeon','주연','이주연','2001-11-06','South Korea','',1,492769957508284447),(424,27,'K.Me','Na Miri','케이미','나미리','1992-04-10','South Korea','Yeosu',1,492769957508284447),(425,223,'Kady','Gu Dokyoung','케이디','구도경','1995-04-07','South Korea','Busan',1,492769957508284447),(426,198,'Kaede','Yamada Kaede','카에데','야마다 카에데','2005-12-20','Japan','Toyama',1,492769957508284447),(427,13,'Kaeun','Lee Kaeun','가은','이가은','1994-08-20','South Korea','Seoul',1,492769957508284447),(428,NULL,'Kahi','Park Jiyoung','가희','박지영','1980-12-25','South Korea','Daegu',1,492769957508284447),(429,15,'Karin','Min Karin','가린','민가린','2002-01-05','South Korea','',1,492769957508284447),(430,56,'Karin','Baek Yerin','카린','백예린','2000-04-23','South Korea','',1,492769957508284447),(431,12,'Karina','Yoo Jimin','카리나','유지민','2000-04-11','South Korea','Gyeonggi',1,492769957508284447),(432,128,'Kazuha','Nakamura Kazuha','카즈하','나카무라 카즈하','2003-08-09','Japan','Osaka',1,492769957508284447),(433,77,'Keena','Song Jakyung','키나','송자경','2002-07-09','South Korea','',1,492769957508284447),(434,133,'Kei','Kim Jiyeon','케이','김지연','1995-03-20','South Korea','Incheon',1,492769957508284447),(435,97,'Keina','Lee Yoona','케이나','이유나','1999-02-12','South Korea','',1,492769957508284447),(436,197,'Kelly','Lin Kelly','켈리','린 켈리','2002-01-16','Taiwan','Kaohsiung',1,492769957508284447),(437,8,'Keumjo','Lee Keumjo','금조','이금조','1992-12-17','South Korea','Daegu',1,492769957508284447),(438,NULL,'Kiara','Baek Jinjoo','키아라','백진주','1998-08-20','South Korea','',1,492769957508284447),(439,132,'Kim Lip','Kim Jungeun','김립','김정은','1999-02-10','South Korea','',1,492769957508284447),(440,NULL,'Kokoro','Kato Kokoro','코코로','카토 코코로','2000-11-01','Japan','',1,492769957508284447),(441,39,'Kongyoo','Kong Yoojin','공유','공유진','2001-05-11','South Korea','',1,492769957508284447),(442,198,'Kotone','Kamimoto Kotone','코토네','카미모토 코토네','2004-03-10','Japan','Tokyo',1,492769957508284447),(443,NULL,'Kriesha Chu','Kriesha Ziskind Teo Tiu','크리샤 츄','크리샤 지스킨드 테오 티우','1998-12-20','Philippines','Cebu',1,492769957508284447),(444,72,'Krystal','Krystal Jung','크리스탈','크리스탈 정','1994-10-24','South Korea','San Francisco',1,492769957508284447),(445,163,'Kyla','Kyla Massie','카일라','카일라 매시','2001-12-26','USA','California',1,492769957508284447),(446,90,'Kyrin','Park Geumju','카이린','박금주','2000-02-23','South Korea','Daejeon',1,492769957508284447),(447,152,'Kyujin','Jang Kyujin','규진','장규진','2006-05-26','South Korea','',1,492769957508284447),(448,163,'Kyulkyung','Zhou Jieqiong','결경','저우제충','1998-12-16','China','Taizhou',1,492769957508284447),(449,8,'Kyungri','Park Kyungri','경리','박경리','1990-07-05','South Korea','Busan',1,492769957508284447),(450,67,'Lara','Moon Shinae','라라','문신애','2000-08-09','South Korea','',1,492769957508284447),(451,167,'Layeon','Lee Jimin','라연','이지민','1998-08-13','South Korea','',1,492769957508284447),(452,71,'LE','Ahn Hyejin','엘리','안효진','1991-12-10','South Korea','Cheonan',1,492769957508284447),(453,182,'Lea','Ogawa Mizuki','레아','오가와 미즈키','1995-08-12','Japan','Tokyo',1,492769957508284447),(454,224,'Lee Haein','Lee Haein','이해인','이해인','1992-07-04','South Korea','Changwon',1,492769957508284447),(455,103,'Lee Jin','Shim Yerin','이진','심예린','2001-03-12','South Korea','',1,492769957508284447),(456,160,'Lee Soo','Jin Isoo','이수','진이수','2001-06-27','South Korea','Incheon',1,492769957508284447),(457,224,'Lee Suhyun','Lee Suhyun','이수현','이수현','1996-11-05','South Korea','Ansan',1,492769957508284447),(458,117,'Leeseo','Lee Hyunseo','이서','이현서','2007-02-21','South Korea','',1,492769957508284447),(459,32,'Leia','Larissa Kartes','레아','라리사 카르치스','2001-05-14','Brazil','Curitiba',1,492769957508284447),(460,96,'Lena','Kang Rena','레나','강레나','2002-04-17','South Korea','',1,492769957508284447),(461,116,'Lia','Choi Jisu','리아','최지수','2000-07-21','South Korea','Incheon',1,492769957508284447),(462,152,'Lily','Lily Jin Morrow','릴리','릴리 진 머로우','2002-10-17','Australia','Marysville',1,492769957508284447),(463,100,'Lime','Kim Hyerim','라임','김혜림','1993-01-19','South Korea','',1,492769957508284447),(464,NULL,'Lin Lin','Huang Ziting','린린','황자정','2003-07-05','Taiwan','',1,492769957508284447),(465,16,'Lina','Oh Sejin','리나','오세진','1997-07-27','South Korea','',1,492769957508284447),(466,172,'Lina','Oh Hyesoo','리나','오혜수','1997-05-23','South Korea','',1,492769957508284447),(467,76,'Linzy','Im Minji','린지','임민지','1989-10-22','South Korea','Incheon',1,492769957508284447),(468,31,'Lisa','Pranpriya Manoban','리사','쁘란쁘리야 마노반','1997-03-27','Thailand','Bangkok',1,492769957508284447),(469,115,'Liv','Kim Chaeyoung','리브','김채영','1997-07-05','South Korea','Gunsan',1,492769957508284447),(470,146,'Liyah','Moon Liya','리야','문리야','2000-05-11','South Korea','',1,492769957508284447),(471,117,'Liz','Kim Jiwon','리즈','김지원','2004-11-21','South Korea','',1,492769957508284447),(472,13,'Lizzy','Park Sooyoung','리지','박수영','1992-07-31','South Korea','Busan',1,492769957508284447),(473,149,'Loha','Kang Yejin','로하','강예진','2001-12-27','South Korea','',1,492769957508284447),(474,158,'Lola','Choi Yoojung','로라','최유정','2001-02-22','South Korea','',1,492769957508284447),(475,149,'Lu','Im Hayoung','루','임하영','1997-12-03','South Korea','',1,492769957508284447),(476,27,'LuA','Jo Hankyeung','루아','조한경','1991-09-14','South Korea','Busan',1,492769957508284447),(477,210,'Lua','Kim Sookyung','루아','김수경','2000-10-06','South Korea','',1,492769957508284447),(478,219,'Lua','','루아','','2002-01-30','South Korea','',1,492769957508284447),(479,210,'Lucy','Noh Hyojung','루시','노효정','2002-08-31','South Korea','Goyang',1,492769957508284447),(480,213,'Lucy','Kim Daeun','루시','김대은','2004-04-09','South Korea','',1,492769957508284447),(481,211,'Luda','Lee Luda','루다','이루다','1997-03-06','South Korea','Seoul',1,492769957508284447),(482,72,'Luna','Park Sunyoung','루나','박선영','1993-08-12','South Korea','Seoul',1,492769957508284447),(483,35,'Marin','Yasufuku Marin','마린','야스후쿠 마린','2001-03-17','Japan','Osaka',1,492769957508284447),(484,122,'Mashiro','Sakamoto Mashiro','마시로','사카모토 마시로','1999-12-16','Japan','',1,492769957508284447),(485,NULL,'May','Jeong Chaeyoung','메이','정채영','2001-07-27','South Korea','',1,492769957508284447),(486,49,'May','Hirokawa Mao','메이','히로카와 마오','2004-11-16','Japan','',1,492769957508284447),(487,222,'Mayna','Shaoxi Mengna','메이나','','2000-05-12','China','',1,492769957508284447),(488,87,'Medic Jin','Bae Yujin','메딕진','배유진','1996-08-25','South Korea','',1,492769957508284447),(489,NULL,'Meiqi','Meng Meiqi','미기','멍메이치','1998-10-15','China','Luoyang',1,492769957508284447),(490,146,'Mia','Son Hyunmi','미아','손현미','1997-12-31','South Korea','',1,492769957508284447),(491,69,'Mia','Han Eunji','미아','한은지','2000-01-13','South Korea','',1,492769957508284447),(492,40,'Mihee','Lee Mihee','미희','이미희','2000-08-24','South Korea','',1,492769957508284447),(493,133,'Mijoo','Lee Mijoo','미주','이미주','1994-09-23','South Korea','Okcheon',1,492769957508284447),(494,108,'Miko','Matsuda Miko','미코','마츠다 미코','1995-10-28','Japan','',1,492769957508284447),(495,157,'Miku','Katae Miku','미쿠','카타에 미쿠','2002-10-09','Japan','',1,492769957508284447),(496,95,'Mimi','Jung Mimi','미미','정미미','1993-01-01','South Korea','',1,492769957508284447),(497,154,'Mimi','Kim Mihyun','미미','김미현','1995-05-01','South Korea','Jeju',1,492769957508284447),(498,145,'Min','Lee Minyoung','민','이민영','1991-06-21','South Korea','Seoul',1,492769957508284447),(499,NULL,'Mina','Kwon Mina','민아','권민아','1993-09-21','South Korea','Busan',1,492769957508284447),(500,199,'Mina','Myoui Mina','미나','묘이 미나','1997-03-24','Japan','San Antonio',1,492769957508284447),(501,95,'Mina','Kang Mina','미나','강미나','1999-12-04','South Korea','Icheon',1,492769957508284447),(502,86,'Minah','Bang Minah','민아','방민아','1993-05-13','South Korea','Incheon',1,492769957508284447),(503,NULL,'Minha','Park Minha','민하','박민하','1991-06-27','South Korea','Seoul',1,492769957508284447),(504,190,'Minhee','Joo Minhee','민희','주민희','1993-01-03','South Korea','Seoul',1,492769957508284447),(505,167,'Mini','','민이','','2000-06-12','South Korea','',1,492769957508284447),(506,187,'Minjae','Seong Minjae','민재','성민재','1994-12-18','South Korea','Busan',1,492769957508284447),(507,193,'Minjae','Shin Minjae','민재','신민재','1991-08-13','South Korea','Busan',1,492769957508284447),(508,45,'Minji','Kim Minji','민지','김민지','2001-01-16','South Korea','',1,492769957508284447),(509,151,'Minji','Kim Minji','민지','김민지','2004-05-07','South Korea','Yeongwol',1,492769957508284447),(510,182,'Minji','Park Minji','민지','박민지','1999-03-31','South Korea','Yongin',1,492769957508284447),(511,118,'Minjoo','Kim Minjoo','민주','김민주','2001-02-05','South Korea','Seoul',1,492769957508284447),(512,96,'Minju','Kang Minjoo','민주','강민주','2001-03-11','South Korea','',1,492769957508284447),(513,219,'Minju','Seo Minju','민주','서민주','2003-09-29','South Korea','',1,492769957508284447),(514,NULL,'Minjung','Cha Minjung','민정','차민정','2004-07-15','South Korea','',1,492769957508284447),(515,62,'Minkyung','Kang Minkyung','민경','강민경','1990-08-03','South Korea','Goyang',1,492769957508284447),(516,1,'Minnie','Nicha Yontararak','민니','니차 욘타라락','1997-10-23','Thailand','',1,492769957508284447),(517,213,'Minseo','Kim Minseo','민서','김민서','2004-08-12','South Korea','',1,492769957508284447),(518,180,'Minseo','Park Minseo','민서','박민서','2003-03-21','South Korea','',1,492769957508284447),(519,195,'Mint','Kunpat Phonpawiworakun','민트','쿤팟 퍼언빠위워라쿤','1994-06-23','Thailand','',1,492769957508284447),(520,41,'Minyoung','Kim Minyeong','민영','김민영','1990-09-12','South Korea','Seongnam',1,492769957508284447),(521,4,'Minzy','Kong Minji','민지','공민지','1994-01-18','South Korea','',1,492769957508284447),(522,197,'Mire','Su Mire','미레','수미레','2006-03-26','Japan','',1,492769957508284447),(523,42,'Miryo','Jo Mihye','미료','조미혜','1981-11-02','South Korea','',1,492769957508284447),(524,193,'Miso','Park Miso','미소','박미소','1991-04-04','South Korea','Gwangju',1,492769957508284447),(525,156,'Miso','Park Jihyun','미소','박지현','1996-09-16','South Korea','Busan',1,492769957508284447),(526,67,'Miso','Jeon Jimin','미소','전지민','2000-10-25','South Korea','',1,492769957508284447),(527,130,'MiU','Ito Miyu','미유','이토 미유','2003-01-09','Japan','Tokyo',1,492769957508284447),(528,96,'Miya','Miyauchi Haruka','미야','미야우치 하루카','1993-05-26','Japan','',1,492769957508284447),(529,1,'Miyeon','Jo Miyeon','미연','조미연','1997-01-31','South Korea','',1,492769957508284447),(530,108,'Moko','Sakura Moko','모코','사쿠라 모코','1991-03-19','Japan','',1,492769957508284447),(531,199,'Momo','Hirai Momo','모모','히라이 모모','1996-11-09','Japan','Kyoto',1,492769957508284447),(532,157,'Momoka','Matsuda Momoka','모모카','마쓰다 모모카','2000-12-26','Japan','',1,492769957508284447),(533,209,'Monday','Kim Jimin','먼데이','김지민','2002-05-10','South Korea','',1,492769957508284447),(534,27,'Monika','Kang Yeh','모니카','강예','1991-05-21','South Korea','Seoul',1,492769957508284447),(535,30,'Moon Sua','Moon Sua','문수아','문수아','1999-09-09','South Korea','Cheongju',1,492769957508284447),(536,138,'Moonbyul','Moon Byulyi','문별','문별이','1992-12-22','South Korea','Bucheon',1,492769957508284447),(537,39,'Moonhee','Choi Moonhee','문희','최문희','1997-04-15','South Korea','',1,492769957508284447),(538,195,'Myungji','Kim Myungji','명지','김명지','1997-10-09','South Korea','',1,492769957508284447),(539,NULL,'Nada','Yoon Yejin','나다','윤예진','1991-05-24','South Korea','',1,492769957508284447),(540,NULL,'Naeun','Son Naeun','나은','손나은','1994-02-10','South Korea','Seoul',1,492769957508284447),(541,21,'Naeun','Lee Naeun','나은','이나은','1999-05-05','South Korea','Daejeon',1,492769957508284447),(542,187,'Nahyun','Kim Nahyun','나현','김나현','1995-12-09','South Korea','Seoul',1,492769957508284447),(543,222,'Nahyun','Kang Nahyun','나현','강나현','2002-01-25','South Korea','',1,492769957508284447),(544,118,'Nako','Yabuki Nako','나코','야부키 나코','2001-06-18','Japan','Tokyo',1,492769957508284447),(545,79,'Nakyung','Lee Nakyung','나경','이나경','2000-06-01','South Korea','Mungyeong',1,492769957508284447),(546,198,'Nakyung','Kim Nakyung','나경','김나경','2002-10-13','South Korea','Ulsan',1,492769957508284447),(547,19,'Namjoo','Kim Namjoo','남주','김남주','1995-04-15','South Korea','Seoul',1,492769957508284447),(548,13,'Nana','Im Jinah','나나','임진아','1991-09-14','South Korea','Cheongju',1,492769957508284447),(549,213,'Nana','Kwon Nayeon','나나','권나연','2001-03-09','South Korea','',1,492769957508284447),(550,147,'Nancy','Nancy Mcdonie','낸시','낸시 맥다니','2000-04-13','South Korea','Daegu',1,492769957508284447),(551,100,'Nara','Kwon Nara','나라','권나라','1991-03-13','South Korea','Seongnam',1,492769957508284447),(552,188,'Narae','Park Narae','나래','박나래','1988-02-23','South Korea','Incheon',1,492769957508284447),(553,206,'Nari','Kim Nari','나리','김나리','1992-10-05','South Korea','',1,492769957508284447),(554,35,'Narin','Lee Narin','나린','이나린','2001-10-29','South Korea','',1,492769957508284447),(555,168,'Narin','Lee Eunseo','나린','이은서','2000-06-06','South Korea','',1,492769957508284447),(556,42,'Narsha','Park Hyojin','나르샤','박효진','1981-12-28','South Korea','',1,492769957508284447),(557,218,'Natty','Ahnatchaya Suputhipong','나띠','아낫차야 수푸티퐁','2002-05-30','Thailand','Bangkok',1,492769957508284447),(558,199,'Nayeon','Im Nayeon','나연','임나연','1995-09-22','South Korea','Seoul',1,492769957508284447),(559,95,'Nayoung','Kim Nayoung','나영','김나영','1995-11-23','South Korea','',1,492769957508284447),(560,163,'Nayoung','Im Nayoung','나영','임나영','1995-12-18','South Korea','Chungcheongham',1,492769957508284447),(561,129,'Nayoung','Kim Nayoung','나영','김나영','2002-11-30','South Korea','Chuncheon',1,492769957508284447),(562,113,'Nayu','Kim Yewon','나유','김예원','2002-07-23','South Korea','',1,492769957508284447),(563,147,'Nayun','Kim Nayun','나윤','김나윤','1998-07-31','South Korea','Seoul',1,492769957508284447),(564,201,'NC.A','Im Soeun','앤씨아','임소은','1996-10-07','South Korea','Osan',1,492769957508284447),(565,187,'New Sun','Choi Yoonsun','뉴썬','최윤선','1997-06-19','South Korea','',1,492769957508284447),(566,120,'Nicole','Nicole Jung','니콜','정니콜','1991-10-07','South Korea','Los Angeles',1,492769957508284447),(567,115,'Nina','Nina Nadia Mateer','니나','니나 나디아 마티어','2003-03-15','Australia','Brisbane',1,492769957508284447),(568,12,'Ningning','Ning Yizhuo','닝닝','닝이쭤','2002-10-23','China','Harbin',1,492769957508284447),(569,169,'Noeul','No Eul','노을','노을','1989-05-10','South Korea','Jeonju',1,492769957508284447),(570,214,'Nova','Maria Pavlovna Emelyanova','노바','마리아 파블로브나 에멜야노바','2002-10-10','Russia','Moscow',1,492769957508284447),(571,32,'Nvee','Florence Alena Smith','앤비','플로렌스 알레나 스미스','1999-01-10','USA','',1,492769957508284447),(572,132,'Olivia Hye','Son Hyeju','올리비아 혜','손혜주','2001-11-13','South Korea','',1,492769957508284447),(573,69,'Onda','Jo Selim','온다','조세림','2000-05-18','South Korea','',1,492769957508284447),(574,26,'Pharita','Pharita Chaikong','파리타','파리따 차이콩','2005-08-26','Thailand','Bangkok',1,492769957508284447),(575,192,'Qri','Lee Jihyun','큐리','이지현','1986-12-12','South Korea','Goyang',1,492769957508284447),(576,21,'Rachel','Sung Nayeon','레이첼','성나연','2000-08-28','South Korea','',1,492769957508284447),(577,13,'Raina','Oh Hyerin','레이나','오혜린','1989-05-07','South Korea','Ulsan',1,492769957508284447),(578,43,'Rainie','Chu Chingyu','레이니','주칭위','2000-11-16','Taiwan','',1,492769957508284447),(579,16,'Raon','Lee Seoyoung','라온','이서영','2000-01-21','South Korea','',1,492769957508284447),(580,74,'Rayeon','Lee Rayeon','나연','이나연','2001-11-24','South Korea','Gwangju',1,492769957508284447),(581,165,'Red','Lee Heejin','빨강','이희진','1991-07-10','South Korea','Daegu',1,492769957508284447),(582,117,'Rei','Naoi Rei','레이','나오이 레이','2004-02-03','Japan','',1,492769957508284447),(583,49,'Remi','Katsuno Rise','레미','카츠노 리세','2001-04-26','Japan','',1,492769957508284447),(584,106,'Rena','Kang Yebin','레나','강예빈','1998-10-19','South Korea','',1,492769957508284447),(585,40,'Ria','Kuwayama Ria','리아','쿠와야마 리아','1998-02-03','Japan','',1,492769957508284447),(586,98,'Riina','Lee Seunghyeon','리이나','이승현','2001-02-21','South Korea','',1,492769957508284447),(587,210,'Rina','Kang Soeun','리나','강소은','2001-09-27','South Korea','',1,492769957508284447),(588,158,'Rinji','Hwang Rinji','린지','황린지','2006-05-05','South Korea','',1,492769957508284447),(589,113,'Ririka','Kishida Ririka','리리카','키시다 리리카','2002-07-02','Japan','',1,492769957508284447),(590,53,'Riwon','Kim Riwon','리원','김리원','2007-01-11','South Korea','',1,492769957508284447),(591,106,'Roa','Kim Minkyung','로아','김민경','1997-07-29','South Korea','',1,492769957508284447),(592,214,'Roa','Kwak Jieun','로아','곽지은','1994-10-06','South Korea','',1,492769957508284447),(593,113,'Rona','Chang Ching','로나','장찡','2002-06-05','Taiwan','Taipei',1,492769957508284447),(594,26,'Rora','Lee Dain','로라','이다인','2008-08-05','South Korea','',1,492769957508284447),(595,31,'Rosé','Roseanne Park','로제','로잔느 박','1997-02-11','South Korea','Auckland',1,492769957508284447),(596,16,'Royeon','Jeon Hyunjoo','로연','전현주','1998-02-20','South Korea','',1,492769957508284447),(597,161,'Ruby','Heo Jiwon','루비','허지원','2002-08-21','South Korea','',1,492769957508284447),(598,97,'Rui','Watanabe Rui','루이','와타나베 루이','1994-10-08','Japan','',1,492769957508284447),(599,26,'Ruka','Kawai Ruka','루카','카와이 루카','2002-03-20','Japan','',1,492769957508284447),(600,116,'Ryujin','Shin Ryujin','류진','신류진','2001-04-17','South Korea','Seoul',1,492769957508284447),(601,149,'Saebom','Kim Saerok','새봄','김새록','1997-01-30','South Korea','',1,492769957508284447),(602,75,'Saebom','Kim Seyoung','새봄','김세영','1995-01-13','South Korea','Gwacheon',1,492769957508284447),(603,221,'Saebyeok','Shim Jaeyoung','새벽','심재영','1996-11-09','South Korea','',1,492769957508284447),(604,140,'Saebyeol','Han Saebyeol','새별','한새별','1996-05-23','South Korea','',1,492769957508284447),(605,77,'Saena','Jung Sehyun','새나','정세현','2004-03-12','South Korea','Busan',1,492769957508284447),(606,79,'Saerom','Lee Saerom','새롬','이새롬','1997-01-07','South Korea','Gangwon',1,492769957508284447),(607,128,'Sakura','Miyawaki Sakura','사쿠라','미야와키 사쿠라','1998-03-19','Japan','Kagoshima',1,492769957508284447),(608,95,'Sally','Liu Xiening','샐리','류셰닝','1996-10-23','China','Guangdong',1,492769957508284447),(609,199,'Sana','Minatozaki Sana','사나','미나토자키 사나','1996-12-29','Japan','Osaka',1,492769957508284447),(610,NULL,'Sanga','Lee Sanga','상아','이상아','1999-08-05','South Korea','',1,492769957508284447),(611,129,'Sangah','Yoo Sangah','상아','윤상아','2002-09-04','South Korea','Incheon',1,492769957508284447),(612,NULL,'Satbyeol','Jeon Yujin','샛별','전유진','2001-02-27','South Korea','',1,492769957508284447),(613,105,'Sea','Kim Sujeong','세아','김수정','1999-12-05','South Korea','',1,492769957508284447),(614,157,'Seea','Kang Eunyoung','시아','강은영','1994-08-21','South Korea','',1,492769957508284447),(615,189,'Seeun','Yoon Seeun','세은','윤세은','2003-06-14','South Korea','Pyeongtaek',1,492769957508284447),(616,22,'Segye','Shin Segye','세계','신세계','1998-08-19','South Korea','',1,492769957508284447),(617,28,'Sehyung','Kang Sehyung','세형','강세형','1998-12-13','South Korea','',1,492769957508284447),(618,210,'Sei','Lee Seojung','세이','이서정','2000-01-07','South Korea','',1,492769957508284447),(619,95,'Sejeong','Kim Sejeong','세정','김세정','1996-08-28','South Korea','',1,492769957508284447),(620,52,'Seline','Jung Yeonjeong','셀린','정연정','2000-06-20','South Korea','',1,492769957508284447),(621,52,'Semi','Gu Semi','세미','구세미','2002-04-10','South Korea','',1,492769957508284447),(622,140,'Semmi','Oh Heesun','세미','오희선','1995-10-22','South Korea','',1,492769957508284447),(623,11,'Sena','Lim Yena','세나','임예나','2005-10-12','South Korea','Incheon',1,492769957508284447),(624,225,'Seohyun','Seo Joohyun','서현 ','서주현 ','1991-06-28','South Korea','Seoul',1,492769957508284447),(625,98,'Seoi','Lee Yejin','서이','이예진','2000-02-12','South Korea','',1,492769957508284447),(626,96,'Seokyoung','Kim Seokyung','서경','김서경','1999-04-16','South Korea','',1,492769957508284447),(627,156,'Seol','Min Jihye','설','민지혜','1997-01-01','South Korea','Gunsan',1,492769957508284447),(628,211,'Seola','Kim Hyunjung','설아','김현정','1994-12-24','South Korea','Seoul',1,492769957508284447),(629,17,'Seolhyun','Kim Seolhyun','설현','김설현','1995-01-03','South Korea','Bucheon',1,492769957508284447),(630,53,'Seonyu','Kim Seonyu','선유','김선유','2008-03-20','South Korea','',1,492769957508284447),(631,96,'Seoryoung','Lee Seoryung','서령','이서령','2000-01-26','South Korea','',1,492769957508284447),(632,127,'Seowon','Jang Seowon','서원','장서원','2006-12-05','South Korea','Gwangju',1,492769957508284447),(633,11,'Seowon','Jung Seowon','서원','정서원','2004-04-26','South Korea','Gwacheon',1,492769957508284447),(634,79,'Seoyeon','Lee Seoyeon','서연','이서연','2000-01-22','South Korea','Seoul',1,492769957508284447),(635,75,'Seoyeon','Kim Minju','서연','김민주','1995-11-26','South Korea','Gwacheon',1,492769957508284447),(636,198,'Seoyeon','Yoon Seoyeon','서연','윤서연','2003-08-06','South Korea','',1,492769957508284447),(637,58,'Seoyeon','Ahn Seoyeon','서연','안서연','2005-03-26','South Korea','Bucheon',1,492769957508284447),(638,40,'Seoyoon','Kim Suyoung','서윤','김수영','1995-01-26','South Korea','',1,492769957508284447),(639,100,'Seoyoung','Lee Seoyoung','서영','이서영','1994-06-27','South Korea','',1,492769957508284447),(640,28,'Seoyul','Seo Yuri','서율','서유리','1997-11-26','South Korea','',1,492769957508284447),(641,61,'Serri','Park Miyeon','세리','박미연','1990-09-16','South Korea','Seoul',1,492769957508284447),(642,171,'Seulgi','Kang Seulgi','슬기','강슬기','1994-02-10','South Korea','Seoul',1,492769957508284447),(643,226,'Seulgi','Jeong Seulgi','슬기','정슬기','1990-05-12','South Korea','',1,492769957508284447),(644,169,'Seungah','Oh Seungah','승아','오승아','1988-09-13','South Korea','Seoul',1,492769957508284447),(645,11,'Seungchae','Cho Seungchae','승채','조승채','2006-10-26','South Korea','',1,492769957508284447),(646,46,'Seungeun','Shim Seungeun','승은','심승은','2000-12-27','South Korea','',1,492769957508284447),(647,54,'Seunghee','Oh Seunghee','승희','오승희','1995-10-10','South Korea','Gwangju',1,492769957508284447),(648,154,'Seunghee','Hyun Seunghee','승희','현승희','1996-01-25','South Korea','Chuncheon',1,492769957508284447),(649,217,'Seungmin','Lee Seungmin','승민','이승민','1996-02-03','South Korea','',1,492769957508284447),(650,54,'Seungyeon','Jang Seunyeon','승연','장승연','1996-11-06','South Korea','Seongnam',1,492769957508284447),(651,120,'Seungyeon','Han Seungyeon','승연','한승연','1988-07-24','South Korea','Seoul',1,492769957508284447),(652,167,'Seyeon','Park Seyeon','세연','박세연','2001-05-06','South Korea','',1,492769957508284447),(653,24,'Seyoung','Ha Seyoung','세영','하세영','1999-02-03','South Korea','Daegu',1,492769957508284447),(654,127,'Shana','Nonaka Shana','샤나','노나카 샤나','2003-03-13','Japan','Kochi',1,492769957508284447),(655,30,'Sheon','Kim Suyeon','션','김수연','2003-01-28','South Korea','',1,492769957508284447),(656,40,'Shiho','Kwon Subin','시호','권수빈','2001-08-22','South Korea','',1,492769957508284447),(657,136,'Shinye','Kam Yerim','신예','감예림','2004-03-07','South Korea','',1,492769957508284447),(658,80,'Shinyoung','Park Shinyoung','신영','박신영','2000-03-19','South Korea','',1,492769957508284447),(659,1,'Shuhua','Yeh Shuhua','슈화','예슈화','2000-01-06','Taiwan','',1,492769957508284447),(660,228,'Sieun','Lee Sieun','시은','이시은','1993-09-19','South Korea','',1,492769957508284447),(661,189,'Sieun','Park Sieun','시은','박시은','2001-08-01','South Korea','Seoul',1,492769957508284447),(662,24,'Sieun','Lee Sieun','시은','이시은','2001-05-29','South Korea','Daegu',1,492769957508284447),(663,69,'Sihyeon','Kim Sihyeon','시현','김시현','1999-08-05','South Korea','',1,492769957508284447),(664,23,'Sihyeon','Kang Sihyeon','시현','강시현','1998-07-15','South Korea','',1,492769957508284447),(665,58,'Sihyeon','Hwang Sihyeon','시현','황시현','2005-03-12','South Korea','Uijeongbu',1,492769957508284447),(666,188,'Sihyun','Park Sihyun','시현','박시현','1986-11-29','South Korea','',1,492769957508284447),(667,NULL,'Sika','Ren Shika','시카','렌 시카','1995-08-22','China','',1,492769957508284447),(668,46,'Simyeong','Lee Simyeong','시명','이시명','1999-05-27','South Korea','',1,492769957508284447),(669,203,'SinB','Hwang Eunbi','신비','황은비 ','1998-06-03','South Korea','Cheongju',1,492769957508284447),(670,77,'Sio','Jeong Jiho','시오','정지호','2004-10-06','South Korea','Iksan',1,492769957508284447),(671,NULL,'Sitala','Sitala Wongkrachang','시탈라','시탈라 웡크라창','1996-04-23','Thailand','',1,492769957508284447),(672,66,'Siyeon','Lee Siyeon','시연','이시연','1995-10-01','South Korea','Daegu',1,492769957508284447),(673,30,'Siyoon','Kim Siyoon','시윤','김시윤','2005-02-16','South Korea','',1,492769957508284447),(674,209,'Soeun','Park Soeun','소은','박소은','2002-10-26','South Korea','',1,492769957508284447),(675,197,'Soeun','Bang Soeun','소은','방소은','2005-12-10','South Korea','',1,492769957508284447),(676,149,'Sohee','Kim Sohee','김소희','소희','1995-01-20','South Korea','Busan',1,492769957508284447),(677,15,'Sohee','Kim Sohee','소희','김소희','1999-12-31','South Korea','',1,492769957508284447),(678,173,'Sohee','Kim Sohee','소희','김소희','2003-08-14','South Korea','',1,492769957508284447),(679,NULL,'Sohee','Uhm Sohee','소희','음소희','2004-01-01','South Korea','',1,492769957508284447),(680,NULL,'Sohye','Kim Sohye','소혜','김소혜','1999-07-19','South Korea','Seoul',1,492769957508284447),(681,6,'Sohyun','Kwon Sohyun','소현','권소현','1994-08-30','South Korea','Seoul',1,492769957508284447),(682,86,'Sojin','Park Sojin','소진','박소진','1986-05-21','South Korea','Daegu',1,492769957508284447),(683,8,'Sojin','Jo Sojin','소진','조소진','1991-10-11','South Korea','Gwangju',1,492769957508284447),(684,217,'Sojin','Hong Sojin','소진','홍소진','1999-09-24','South Korea','',1,492769957508284447),(685,126,'Sojung','Lee Sojung','소정','이소정','1993-09-03','South Korea','Wonju',1,492769957508284447),(686,138,'Solar','Kim Yongsun','솔라','김용선','1991-02-21','South Korea','Seoul',1,492769957508284447),(687,125,'Solbin','Ahn Solbin','솔빈','안솔빈','1997-08-19','South Korea','Ojeonggu',1,492769957508284447),(688,71,'Solji','Heo Solji','솔지','허솔지','1989-01-10','South Korea','Seongnam',1,492769957508284447),(689,NULL,'Somi','Jeon Somi','소미','전소미','2001-03-09','South Korea','Ontario',1,492769957508284447),(690,27,'Somin','Jang Somin','소민','장소민','1993-11-10','South Korea','Gwangmyeon',1,492769957508284447),(691,227,'Somin','Jeon Somin','소민','전소민','1996-08-22','South Korea','Seoul',1,492769957508284447),(692,64,'Somyi','Ahn Somyi','솜이','안솜이','2000-01-26','South Korea','Changwon',1,492769957508284447),(693,46,'Songhee','Yoon Songhee','송희','윤송희','1998-11-08','South Korea','',1,492769957508284447),(694,197,'SongSun','Kim Songsun','송선','김송선','1997-03-22','South Korea','',1,492769957508284447),(695,NULL,'Songyee','Park Songyee','송이','박송이','2004-09-25','South Korea','',1,492769957508284447),(696,211,'Soobin','Park Soobin','수빈','박수빈','1996-09-14','South Korea','Seoul',1,492769957508284447),(697,182,'Soodam','Lee Soodam','수담','이수담','1999-11-09','South Korea','',1,492769957508284447),(698,NULL,'Soojin','Seo Soojin','수진','서수진','1998-03-09','South Korea','',1,492769957508284447),(699,209,'Soojin','Lee Soojin','수진','이수진','2001-12-12','South Korea','',1,492769957508284447),(700,103,'Soojung','Hwang Soojung','수정','황수정','2001-05-10','South Korea','Yongin',1,492769957508284447),(701,198,'Soomin','Kim Soomin','수민','김수민','2007-10-03','South Korea','Daegu',1,492769957508284447),(702,225,'Sooyoung','Choi Sooyoung','수영 ','최수영 ','1990-02-10','South Korea','Gwangju',1,492769957508284447),(703,213,'Sora','Sakata Sora','소라','사카타 소라','2003-08-30','Japan','',1,492769957508284447),(704,54,'Sorn','Chonnasorn Sajakul','손','촌나손 사짜꾼','1996-11-18','Thailand','Bangkok',1,492769957508284447),(705,96,'Soso','Wang Chingyi','소소','왕징이','2001-03-14','Taiwan','',1,492769957508284447),(706,84,'Sowon','Kim Sojung','소원','김소정','1995-12-07','South Korea','Seoul',1,492769957508284447),(707,196,'Sowon','Nam Soeun','소원','남소은','2004-12-13','South Korea','',1,492769957508284447),(708,95,'Soyee','Jang Sojin','소이','장소진','1996-11-21','South Korea','',1,492769957508284447),(709,125,'Soyeon','Jung Soyeon','소연','정소연','1994-05-04','South Korea','Gwangju',1,492769957508284447),(710,NULL,'Soyeon','Park Soyeon','소연','박소연','1987-10-05','South Korea','Andong',1,492769957508284447),(711,1,'Soyeon','Jeon Soyeon','소연','전소연','1998-08-26','South Korea','',1,492769957508284447),(712,184,'Soyou','Kang Jihyun','소유','강지현','1992-02-12','South Korea','',1,492769957508284447),(713,NULL,'Soyoung','Yoo Soyoung','소영','유소영','1996-03-29','South Korea','Seoul',1,492769957508284447),(714,57,'Soyul','Park Hyekyeong','소율','박혜경','1991-05-15','South Korea','Seoul',1,492769957508284447),(715,32,'Sriya','Sriya Lenka','스리야','스리야 렌카','2003-09-15','India','Odisha',1,492769957508284447),(716,66,'Sua','Kim Bora','수아','김보라','1994-08-10','South Korea','Changwon',1,492769957508284447),(717,217,'Sua','Yang Sua','수아','양수아','1995-03-24','South Korea','Gwangju',1,492769957508284447),(718,158,'Sua','Choi Sooah','수아','최수아','2003-02-24','South Korea','',1,492769957508284447),(719,58,'Sua','Yoo Sua','수아','유수아','2005-07-23','South Korea','Anyang',1,492769957508284447),(720,61,'Subin','Park Subin','수빈','박수빈','1994-02-12','South Korea','Gwangju',1,492769957508284447),(721,217,'Subin','Oh Subin','수빈','오수빈','1998-09-30','South Korea','',1,492769957508284447),(722,75,'Sugyeong','Jo Sugyeong','수경','조수경','2000-01-12','South Korea','Haenam',1,492769957508284447),(723,130,'Suhye','Kim Suhye','수혜','김수혜','2004-12-13','South Korea','Incheon',1,492769957508284447),(724,226,'Suhyeon','Kim Seunghyun','수현','김승현','1988-04-19','South Korea','',1,492769957508284447),(725,30,'Suhyeon','Kim Suhyun','수현','김수현','2000-01-15','South Korea','Daegu',1,492769957508284447),(726,219,'Suhyun','Yoo Suhyun','수현','유수현','2000-08-15','South Korea','',1,492769957508284447),(727,133,'Sujeong','Ryu Sujeong','수정','류수정','1997-11-19','South Korea','Daejeon',1,492769957508284447),(728,201,'Suji','Lee Suji','수지','이수지','1998-03-20','South Korea','Busan',1,492769957508284447),(729,206,'Sujin','Bang Sujin','수진','방수진','1996-06-26','South Korea','',1,492769957508284447),(730,NULL,'Sulli†','Choi Jinri','설리','최진리','1994-03-29','South Korea','Busan',1,492769957508284447),(731,152,'Sullyoon','Seol Yoona','설윤','설윤아','2004-01-26','South Korea','',1,492769957508284447),(732,187,'Sumin','Ji Sumin','수민','지수민','1994-03-03','South Korea','Yongin',1,492769957508284447),(733,67,'Sumin','Park Sumin','수민','박수민','2001-09-09','South Korea','',1,492769957508284447),(734,189,'Sumin','Bae Sumin','수민','배수민','2001-03-13','South Korea','Pohang',1,492769957508284447),(735,87,'Sun J','Jeon Heesun','썬제이','전희선','2001-02-13','South Korea','',1,492769957508284447),(736,8,'Sungah','Son Sungah','성아','손성아','1989-07-08','South Korea','Suma',1,492769957508284447),(737,163,'Sungyeon','Bae Sungyeon','성연','배성연','1999-05-25','USA','California',1,492769957508284447),(738,NULL,'Sunhwa','Han Sunhwa','선화','한선화','1990-10-06','South Korea','Busan',1,492769957508284447),(739,212,'Sunmi','Lee Sunmi','선미','이선미','1992-05-02','South Korea','Iksan',1,492769957508284447),(740,NULL,'Sunn','Hwang Jiwon','선','황지원','2000-02-07','South Korea','Jincheon',1,492769957508284447),(741,225,'Sunny','Lee Sunkyu','써니','이순규 ','1989-05-15','South Korea','California',1,492769957508284447),(742,149,'Sunshine','Kim Minjung','선샤인','김민정','2002-06-20','South Korea','',1,492769957508284447),(743,228,'Suri','Kang Suri','수리','강수리','1994-10-11','South Korea','',1,492769957508284447),(744,200,'Surin','Kim Surin','수린','김수린','1991-12-27','South Korea','',1,492769957508284447),(745,210,'Suyeon','Ji Suyeon','수연','지수연','1997-04-20','South Korea','',1,492769957508284447),(746,173,'Suyun','Kim Suyun','수윤','김수윤','2001-03-17','South Korea','',1,492769957508284447),(747,145,'Suzy','Bae Suji','수지','배수지','1994-10-10','South Korea','Gwangju',1,492769957508284447),(748,136,'Suzy','Kim Suji','수지','김수지','2001-06-03','South Korea','',1,492769957508284447),(749,56,'Swan','Kim Suan','수안','김수안','2000-12-28','South Korea','',1,492769957508284447),(750,166,'Swan','Park Soojin','수안','박수진','2003-07-11','South Korea','',1,492769957508284447),(751,NULL,'Taeha','Yoo Taeha','태하','유태하','1995-10-05','South Korea','',1,492769957508284447),(752,NULL,'Taeha','Kim Taeha','태하','김태하','1998-06-03','South Korea','Jeonju',1,492769957508284447),(753,223,'Taera','Lee Yujin','태라','이유진','1994-04-12','South Korea','Incheon',1,492769957508284447),(754,134,'Taeryeong','Lim Jeongmin','태령','임정민','2000-12-27','South Korea','',1,492769957508284447),(755,225,'Taeyeon','Kim Taeyeon','태연','김태연','1989-03-09','South Korea','Jeonju',1,492769957508284447),(756,NULL,'Terry','Han Dasom','테리','한다솜','1998-02-02','South Korea','',1,492769957508284447),(757,225,'Tiffany','Hwang Miyoung','티파니','황미영','1989-08-01','South Korea','San Francisco',1,492769957508284447),(758,33,'Tina','Christine Joy Park','티나','크리스틴 조이 박','1994-09-01','USA','Los Angeles',1,492769957508284447),(759,30,'Tsuki','Fukutomi Tsuki','츠키','후쿠토미 츠키','2002-09-21','Japan','',1,492769957508284447),(760,199,'Tzuyu','Chou Tzuyu','쯔위','저우쯔위','1999-06-14','Taiwan','Tainan',1,492769957508284447),(761,27,'U-Si','Yoo Jiyeon','유시','윤지연','1997-11-13','South Korea','Iksan',1,492769957508284447),(762,149,'Uchae','Yu Hyejun','유채','유혜준','2002-05-07','South Korea','',1,492769957508284447),(763,NULL,'Uee','Kim Yujin','유이','김유진','1988-04-09','South Korea','Daegu',1,492769957508284447),(764,NULL,'Uji','Jang Yuji','유지','정유지','1991-01-02','South Korea','',1,492769957508284447),(765,203,'Umji','Kim Yewon','엄지','김예원','1998-08-19','South Korea','Incheon',1,492769957508284447),(766,74,'Via','Kim Via','비아','김비아','2000-08-17','South Korea','Busan',1,492769957508284447),(767,72,'Victoria','Song Qian','빅토리아','송치엔','1987-02-02','China','Qingdao',1,492769957508284447),(768,NULL,'Viki','Kang Eunhye','비키','강은혜','1988-03-28','South Korea','Seoul',1,492769957508284447),(769,136,'Vita','Kim Jimin','비타','김지민','2000-02-03','South Korea','',1,492769957508284447),(770,132,'Vivi','Wong Viian','비비','황가희','1996-12-09','Hong Kong','Hong Kong',1,492769957508284447),(771,223,'Vivian','Park Sunghee','비비안','박성희','1998-12-08','South Korea','',1,492769957508284447),(772,57,'Way','Heo Minsun','웨이','허민선','1990-07-12','South Korea','Seoul',1,492769957508284447),(773,171,'Wendy','Son Seunghwan','웬디','손승완','1994-02-21','South Korea','Seoul',1,492769957508284447),(774,138,'Wheein','Jung Wheein','휘인','정휘인','1995-04-17','South Korea','Jeonju',1,492769957508284447),(775,90,'Windy','Park Jinju','윈디','박진주','2000-02-23','South Korea','Daejeon',1,492769957508284447),(776,12,'Winter','Kim Minjung','윈터','김민정','2001-01-01','South Korea','Yangsan',1,492769957508284447),(777,168,'Wonchae','Hwang Chaewon','원채','황채원','2002-12-22','South Korea','Incheon',1,492769957508284447),(778,208,'Wony','Ahn Seungwon','워니','안승원','2004-10-04','South Korea','',1,492769957508284447),(779,117,'Wonyoung','Jang Wonyoung','원영','장원영','2004-08-31','South Korea','Seoul',1,492769957508284447),(780,56,'Woo-ah','Kim Chaewon','우아','김채원','1997-06-20','South Korea','',1,492769957508284447),(781,61,'Woohee','Bae Woohee','우희','배우희','1991-11-21','South Korea','Busan',1,492769957508284447),(782,206,'Woojoo','Kim Woojoo','우주','김우주','1996-08-12','South Korea','',1,492769957508284447),(783,159,'Woolim','Hwang Woolim','우림','황우림','1996-08-29','South Korea','',1,492769957508284447),(784,169,'Woori','Go Woori','우리','고우리','1988-02-22','South Korea','Jeonju',1,492769957508284447),(785,213,'Wooyeon','Park Jinkyung','우연','박진경','2003-02-11','South Korea','',1,492769957508284447),(786,87,'Xeheun','Lee Seheun','세흔','이세흔','1999-07-11','South Korea','',1,492769957508284447),(787,122,'XiaoTing','Shen Xiao Ting','샤오팅','션샤오팅','1999-11-12','China','',1,492769957508284447),(788,163,'Xiyeon','Park Junghyun','시연','박정현','2000-11-14','South Korea','',1,492769957508284447),(789,NULL,'Xuanyi','Wu Xuanyi','선의','우쉬안이','1995-01-26','China','Hainan',1,492769957508284447),(790,NULL,'Yeah','Kim Haeun','예아','김하은','1999-10-09','South Korea','Gongju',1,492769957508284447),(791,64,'Yebin','Baek Yebin','예빈','백예빈','1997-07-13','South Korea','Chuncheon',1,492769957508284447),(792,222,'Yebin','Kim Yebin','예빈','김예빈','2004-11-01','South Korea','',1,492769957508284447),(793,157,'Yechan','Kim Yechan','예찬','김예찬','1995-11-26','South Korea','',1,492769957508284447),(794,54,'YeeEun','Jang Yeeun','예은','장예은','1998-08-10','South Korea','Dongducheon',1,492769957508284447),(795,33,'Yeeun','Hwang Yeeun','예은','황예은','1997-01-12','South Korea','Gimhae',1,492769957508284447),(796,58,'Yeham','Gu Yeham','예함','구예함','2005-10-07','South Korea','Pyeongtaek',1,492769957508284447),(797,163,'Yehana','Kim Yewon','예하나','김예원','1999-02-22','South Korea','Ilsan',1,492769957508284447),(798,133,'Yein','Jeong Yein','예인','정예인','1998-06-04','South Korea','Incheon',1,492769957508284447),(799,220,'Yein','Ahn Yein','예인','안예인','1995-05-04','South Korea','',1,492769957508284447),(800,116,'Yeji','Hwang Yeji','예지','황예지','2000-05-26','South Korea','Seoul',1,492769957508284447),(801,110,'Yeju','Kim Yeju','예주','김예주','2004-02-01','South Korea','',1,492769957508284447),(802,98,'Yel','Han Shinyoung','옐','한신영','2004-12-25','South Korea','',1,492769957508284447),(803,165,'Yellow','Kim Eunbi','노랑','김은비','1993-05-05','South Korea','Seoul',1,492769957508284447),(804,21,'Yena','Yang Yena','예나','양예나','2000-05-22','South Korea','Daegu',1,492769957508284447),(805,80,'Yena','Jeong Yena','예나','정예나','2000-04-10','South Korea','',1,492769957508284447),(806,118,'Yena','Choi Yena','예나','최예나','1999-09-29','South Korea','Seoul',1,492769957508284447),(807,212,'Yenny','Park Yeeun','예은','박예은','1989-05-26','South Korea','Goyang',1,492769957508284447),(808,220,'Yeoeun','Jung Jieun','여은','정지은','1990-01-25','South Korea','',1,492769957508284447),(809,132,'Yeojin','Im Yeojin','여진','임여진','2002-11-11','South Korea','Guro',1,492769957508284447),(810,156,'Yeonha','Ahn Yeonji','연하','안연지','2000-05-19','South Korea','Yeondong',1,492769957508284447),(811,173,'Yeonhee','Kim Yeonhee','연희','김연희','2000-12-06','South Korea','',1,492769957508284447),(812,143,'Yeonjae','Choi Yeonjae','연재','최연재','2000-12-06','South Korea','',1,492769957508284447),(813,15,'Yeonje','Yang Yeonje','혜성','양연제','1999-10-15','South Korea','',1,492769957508284447),(814,198,'Yeonji','Kwak Yeonji','연지','곽연지','2008-01-08','South Korea','Gwangju',1,492769957508284447),(815,156,'Yeonjoo','Song Yeonjoo','연주','정연주','1997-06-26','South Korea','Ansan',1,492769957508284447),(816,211,'Yeonjung','Yu Yeonjung','연정','유연정','1999-08-03','South Korea','Gwangmyeong',1,492769957508284447),(817,208,'Yeonseo','Ryu Yeonseo','연서','류연서','2004-09-26','South Korea','',1,492769957508284447),(818,11,'Yeonsu','Ryu Yeonsu','연수','류연수','2003-02-19','South Korea','Daegu',1,492769957508284447),(819,NULL,'Yeonwoo','Lee Dabin','연우','이다빈','1996-08-01','South Korea','Seoul',1,492769957508284447),(820,211,'Yeoreum','Lee Jinsook','여름','이진숙','1999-01-10','South Korea','Seoul',1,492769957508284447),(821,100,'Yeoreum','Ahn Chaeyeon','여름','안채연','1996-06-04','South Korea','',1,492769957508284447),(822,223,'Yeori','Kim Soyeon','여리','김소연','1994-05-30','South Korea','Seoul',1,492769957508284447),(823,23,'Yeori','Choi Yeori','여리','최여리','1999-09-08','South Korea','',1,492769957508284447),(824,167,'Yeowool','Ha Yeowool','여울','하여울','1998-04-11','South Korea','',1,492769957508284447),(825,171,'Yeri','Kim Yerim','예리','김예림','1999-03-05','South Korea','Seoul',1,492769957508284447),(826,167,'Yerim','Jeong Yerim','예림','정예림','1997-03-10','South Korea','',1,492769957508284447),(827,2,'Yerin','Baek Yerin','백예린','백예린','1997-06-26','South Korea','Daejeon',1,492769957508284447),(828,84,'Yerin','Jung Yerin','예린','정예린','1996-08-19','South Korea','Incheon',1,492769957508284447),(829,135,'Yeryung','','예령','','2002-06-22','South Korea','Busan',1,492769957508284447),(830,122,'Yeseo','Kang Yeseo','예서','강예서','2005-08-22','South Korea','',1,492769957508284447),(831,103,'Yeseul','Kim Yeseul','예슬','김예슬','2004-03-24','South Korea','',1,492769957508284447),(832,80,'Yeso','Lee Yeso','예소','이예소','2001-11-13','South Korea','',1,492769957508284447),(833,161,'Yeum','Jung Myeongwoo','예음','정명우','2001-11-19','South Korea','',1,492769957508284447),(834,222,'Yewon','Park Yewon','예원','박예원','2004-01-11','South Korea','',1,492769957508284447),(835,143,'Yewon','Han Yewon','예원','한예원','2003-02-07','South Korea','Seoul',1,492769957508284447),(836,76,'Yezi','Lee Yeji','예지','이예지','1994-08-26','South Korea','Gangneung',1,492769957508284447),(837,69,'Yiren','Wang Yiren','이런','왕이런','2000-12-29','China','',1,492769957508284447),(838,46,'Yiyeon','Jung Dasol','이연','정다솔','1995-05-28','South Korea','',1,492769957508284447),(839,154,'Yooa','Yoo Siah','유아','유시아','1995-09-17','South Korea','Seoul',1,492769957508284447),(840,66,'Yoohyeon','Kim Yoohyeon','유현','김유현','1997-01-07','South Korea','Incheon',1,492769957508284447),(841,NULL,'Yoojin','Jang Yoojin','유진','정유진','1992-09-14','South Korea','',1,492769957508284447),(842,24,'Yoojin','Ahn Yoojin','유진','안유진','2000-02-29','South Korea','',1,492769957508284447),(843,210,'Yoojung','Choi Yoojung','유정','최유정','1999-11-12','South Korea','Guri',1,492769957508284447),(844,NULL,'Yookyung','Seo Yookyung','유경','서유경','1993-03-15','South Korea','',1,492769957508284447),(845,220,'Yoomin','Na Yoomin','유민','나유민','1993-08-29','South Korea','',1,492769957508284447),(846,7,'Yoon','Heo Yoon','윤','허윤','1994-09-23','South Korea','',1,492769957508284447),(847,223,'Yoon','Ji Hayoon','윤','지하윤','1997-07-08','South Korea','Busan',1,492769957508284447),(848,189,'Yoon','Shim Jayoon','윤','심자윤','2004-04-14','South Korea','Gwangju',1,492769957508284447),(849,225,'Yoona','Im Yoona','윤아','임윤아 ','1990-05-30','South Korea','Seoul',1,492769957508284447),(850,43,'Yoona','Ogura Yuuna','유우나','오구라 유우나','2000-10-13','Japan','Sapporo',1,492769957508284447),(851,169,'Yoonhye','Jung Yoonhye','윤혜','정윤혜','1990-04-14','South Korea','Daejeon',1,492769957508284447),(852,74,'Yoonhye','Jung Yoonhye','윤혜','정윤혜','2001-10-04','South Korea','',1,492769957508284447),(853,135,'Yoonji','','윤지','','1998-07-21','South Korea','',1,492769957508284447),(854,201,'Yoonjo','Shin Yoonjo','윤조','신윤조','1992-12-14','South Korea','Seoul',1,492769957508284447),(855,198,'Yooyeon','Kim Yooyeon','유연','김유연','2001-02-09','South Korea','Seoul',1,492769957508284447),(856,100,'Yooyoung','Lee Yooyoung','유영','이유영','1995-01-23','South Korea','Suwon',1,492769957508284447),(857,67,'Youi','Kim Jihyeo','유아이','유아이','2000-04-24','South Korea','',1,492769957508284447),(858,122,'Youngeun','Seo Youngeun','영은','서영은','2004-12-27','South Korea','',1,492769957508284447),(859,NULL,'Youngheun','Go Youngheun','영흔','고영흔','1994-11-20','South Korea','',1,492769957508284447),(860,219,'Youngjae','Jo Youngjae','영채','주영채','2003-10-19','South Korea','',1,492769957508284447),(861,120,'Youngji','Hur Youngji','영지','허영지','1994-08-30','South Korea','Goyang',1,492769957508284447),(862,108,'Yua','Mikami Yua','유아','미카미 유아','1993-08-16','Japan','',1,492769957508284447),(863,196,'Yubeen','Jin Yubeen','유빈','진유빈','2006-09-05','South Korea','',1,492769957508284447),(864,212,'Yubin','Kim Yubin','유빈','김유빈','1988-10-04','South Korea','Gwangju',1,492769957508284447),(865,154,'Yubin','Bae Yubin','유빈','배유빈','1997-09-09','South Korea','Chuncheon',1,492769957508284447),(866,NULL,'Yubin','Cho Yubin','유빈','조유빈','1999-10-09','South Korea','',1,492769957508284447),(867,35,'Yubin','Kim Yubin','유빈','김유빈','2002-02-27','South Korea','',1,492769957508284447),(868,198,'Yubin','Gong Yubin','유빈','공유빈','2005-02-03','South Korea','Yongin',1,492769957508284447),(869,24,'Yubin','Oh Yubin','유빈','오유빈','1998-11-26','South Korea','',1,492769957508284447),(870,127,'Yue','Nancy Yang','유에','낸시 양','2004-07-03','USA','',1,492769957508284447),(871,97,'Yuem','Park Subin','유음','박수빈','1996-12-25','South Korea','',1,492769957508284447),(872,106,'Yuha','Kang Kyungwon','유하','강경원','1997-11-05','South Korea','',1,492769957508284447),(873,NULL,'Yujeong','Kim Yujeong','유정','김유정','1992-02-14','South Korea','Seoul',1,492769957508284447),(874,41,'Yujeong','Nam Yujeong','유정','남유정','1991-05-02','South Korea','Seoul',1,492769957508284447),(875,129,'Yujeong','Lee Yujeong','유정','이유정','2004-06-14','South Korea','',1,492769957508284447),(876,5,'Yuji','Son Yuji','유지','손유지','1998-11-25','South Korea','',1,492769957508284447),(877,122,'Yujin','Choi Yujin','유진','최유진','1996-08-12','South Korea','Jeonju',1,492769957508284447),(878,159,'Yujin','Seo Yoojin','유진','소유진','1994-06-18','South Korea','',1,492769957508284447),(879,226,'Yujin','Jeong Yujin','유진','정유진','1989-10-23','South Korea','',1,492769957508284447),(880,117,'Yujin','Ahn Yujin','유진','안유진','2003-09-01','South Korea','Cheongju',1,492769957508284447),(881,84,'Yuju','Choi Yuna','유주','최유나','1997-10-04','South Korea','Goyang',1,492769957508284447),(882,49,'Yuju','Choi Yuju','유주','최유주','1997-03-05','South Korea','',1,492769957508284447),(883,180,'Yuki','Lim Jiyeon','유키','임지연','2002-01-30','South Korea','',1,492769957508284447),(884,166,'Yuki','Mori Koyuki','유키','모리 코유키','2002-11-06','Japan','',1,492769957508284447),(885,15,'Yukyung','Lee Yukyung','유경','이유경','1999-11-05','South Korea','',1,492769957508284447),(886,NULL,'Yulhee','Kim Yulhee','율희','김율희','1997-11-27','South Korea','Bucheon',1,492769957508284447),(887,17,'Yuna','Seo Yuna','유나','서유나','1992-12-30','South Korea','Busan',1,492769957508284447),(888,41,'Yuna','Lee Yuna','유나','이유나','1993-04-06','South Korea','Seoul',1,492769957508284447),(889,116,'Yuna','Shin Yuna','유나','신유나','2003-12-09','South Korea','Suwon',1,492769957508284447),(890,58,'Yuna','Iimura Yuna','유나','이이무라 유나','2005-04-23','Japan','Ibaraki',1,492769957508284447),(891,159,'Yunji','Lee Yunji','윤지','이윤지','1992-04-04','South Korea','',1,492769957508284447),(892,23,'Yunji','Kim Yunji','윤지','김윤지','1996-08-26','South Korea','',1,492769957508284447),(893,128,'Yunjin','Huh Yunjin','윤진','허윤진','2001-10-08','South Korea','',1,492769957508284447),(894,143,'Yunju','Seo Yunju','윤주','서윤주','2005-12-26','South Korea','Pohang',1,492769957508284447),(895,173,'Yunkyung','Seo Yunkyung','윤경','서윤경','2001-11-01','South Korea','',1,492769957508284447),(896,115,'Yunseul','Hwang Nayoon','윤슬','황나윤','1999-03-30','South Korea','Seoul',1,492769957508284447),(897,1,'Yuqi','Song Yuqi','우기','송우기','1999-09-23','China','Beijing',1,492769957508284447),(898,86,'Yura','Kim Ahyoung','유라','김아영','1992-11-06','South Korea','Ulsan',1,492769957508284447),(899,225,'Yuri','Kwon Yuri','유리','권유리 ','1989-12-05','South Korea','Goyang',1,492769957508284447),(900,118,'Yuri','Jo Yuri','유리','조유리','2001-10-22','South Korea','Busan',1,492769957508284447),(901,5,'Yurim','Park Yurim','유림','박유림','1998-04-13','South Korea','',1,492769957508284447),(902,134,'Yuuri','Tokunaga Yuuri','유우리','도쿠나가 유우리','2001-05-16','Japan','',1,492769957508284447),(903,132,'Yves','Ha Sooyoung','이브','하수영','1997-05-24','South Korea','',1,492769957508284447),(904,43,'Zin','Jin Hyunbin','지인','진현빈','2001-08-31','South Korea','',1,492769957508284447),(905,125,'ZN','Bae Jinye','지엔','배진예','1994-06-09','South Korea','Bucheon',1,492769957508284447),(906,209,'Zoa','Cho Hyewon','조아','조혜원','2005-05-31','South Korea','',1,492769957508284447),(907,126,'Zuny','Kim Joomi','주니','김주미','1994-12-08','South Korea','Gwangju',1,492769957508284447),(908,182,'Zuu','Ji Yeongju','주','지영주','2000-03-24','South Korea','',1,492769957508284447);
/*!40000 ALTER TABLE `Members` ENABLE KEYS */;
UNLOCK TABLES;

--
-- Table structure for table `Memes`
--

DROP TABLE IF EXISTS `Memes`;
/*!40101 SET @saved_cs_client     = @@character_set_client */;
/*!50503 SET character_set_client = utf8mb4 */;
CREATE TABLE `Memes` (
  `id` int NOT NULL AUTO_INCREMENT,
  `name` varchar(255) NOT NULL,
  `content` longtext NOT NULL,
  `addedBy` bigint NOT NULL,
  PRIMARY KEY (`id`),
  UNIQUE KEY `Memes_name_unique` (`name`)
) ENGINE=InnoDB AUTO_INCREMENT=2 DEFAULT CHARSET=utf8mb4 COLLATE=utf8mb4_0900_ai_ci;
/*!40101 SET character_set_client = @saved_cs_client */;

--
-- Dumping data for table `Memes`
--

LOCK TABLES `Memes` WRITE;
/*!40000 ALTER TABLE `Memes` DISABLE KEYS */;
INSERT INTO `Memes` VALUES (1,'funni rat','Do you wanna see a funni rat?',107215130785243136);
/*!40000 ALTER TABLE `Memes` ENABLE KEYS */;
UNLOCK TABLES;

--
-- Table structure for table `RedditNotifications`
--

DROP TABLE IF EXISTS `RedditNotifications`;
/*!40101 SET @saved_cs_client     = @@character_set_client */;
/*!50503 SET character_set_client = utf8mb4 */;
CREATE TABLE `RedditNotifications` (
  `id` int NOT NULL AUTO_INCREMENT,
  `channelId` varchar(255) NOT NULL,
  `subbreddit` varchar(255) NOT NULL,
  `lastSent` varchar(255) DEFAULT NULL,
  PRIMARY KEY (`id`),
  UNIQUE KEY `channel_reddit` (`channelId`,`subbreddit`)
) ENGINE=InnoDB DEFAULT CHARSET=utf8mb4 COLLATE=utf8mb4_0900_ai_ci;
/*!40101 SET character_set_client = @saved_cs_client */;

--
-- Dumping data for table `RedditNotifications`
--

LOCK TABLES `RedditNotifications` WRITE;
/*!40000 ALTER TABLE `RedditNotifications` DISABLE KEYS */;
/*!40000 ALTER TABLE `RedditNotifications` ENABLE KEYS */;
UNLOCK TABLES;

--
-- Table structure for table `Tags`
--

DROP TABLE IF EXISTS `Tags`;
/*!40101 SET @saved_cs_client     = @@character_set_client */;
/*!50503 SET character_set_client = utf8mb4 */;
CREATE TABLE `Tags` (
  `id` int NOT NULL AUTO_INCREMENT,
  `tagName` varchar(255) NOT NULL,
  `addedBy` bigint NOT NULL,
  PRIMARY KEY (`id`),
  UNIQUE KEY `Tags_tagName_unique` (`tagName`)
) ENGINE=InnoDB DEFAULT CHARSET=utf8mb4 COLLATE=utf8mb4_0900_ai_ci;
/*!40101 SET character_set_client = @saved_cs_client */;

--
-- Dumping data for table `Tags`
--

LOCK TABLES `Tags` WRITE;
/*!40000 ALTER TABLE `Tags` DISABLE KEYS */;
/*!40000 ALTER TABLE `Tags` ENABLE KEYS */;
UNLOCK TABLES;

--
-- Table structure for table `Users`
--

DROP TABLE IF EXISTS `Users`;
/*!40101 SET @saved_cs_client     = @@character_set_client */;
/*!50503 SET character_set_client = utf8mb4 */;
CREATE TABLE `Users` (
  `id` bigint NOT NULL,
  `xp` int NOT NULL DEFAULT '0',
  `contribution` int NOT NULL DEFAULT '0',
  `admin` tinyint(1) NOT NULL DEFAULT '0',
  PRIMARY KEY (`id`)
) ENGINE=InnoDB DEFAULT CHARSET=utf8mb4 COLLATE=utf8mb4_0900_ai_ci;
/*!40101 SET character_set_client = @saved_cs_client */;

--
-- Dumping data for table `Users`
--

LOCK TABLES `Users` WRITE;
/*!40000 ALTER TABLE `Users` DISABLE KEYS */;
INSERT INTO `Users` VALUES (107215130785243136,0,0,1),(492769957508284447,0,0,1);
/*!40000 ALTER TABLE `Users` ENABLE KEYS */;
UNLOCK TABLES;
/*!40103 SET TIME_ZONE=@OLD_TIME_ZONE */;

/*!40101 SET SQL_MODE=@OLD_SQL_MODE */;
/*!40014 SET FOREIGN_KEY_CHECKS=@OLD_FOREIGN_KEY_CHECKS */;
/*!40014 SET UNIQUE_CHECKS=@OLD_UNIQUE_CHECKS */;
/*!40101 SET CHARACTER_SET_CLIENT=@OLD_CHARACTER_SET_CLIENT */;
/*!40101 SET CHARACTER_SET_RESULTS=@OLD_CHARACTER_SET_RESULTS */;
/*!40101 SET COLLATION_CONNECTION=@OLD_COLLATION_CONNECTION */;
/*!40111 SET SQL_NOTES=@OLD_SQL_NOTES */;

-- Dump completed on 2023-09-15 18:15:25
